ligand,hbond_total,hbond_pdon,hbond_ldon,hydrophobic,pi_stack,salt_bridge,water_bridge,hinge_residues,hbond_details,is_hinge_binder,MW,LogP,HBD,HBA,TPSA,RotBonds,SA_score,SA_class,PAINS,Brenk_alert,ro5_violations,passes_local,smiles,passes_admet,affinity_kcal,mps1_pIC50_mean,mps1_pIC50_std,aurora_pIC50_mean,aurora_pIC50_std,herg_pIC50_mean,herg_pIC50_std,IC50_mps1_nM,IC50_aurora_nM,IC50_herg_nM,selectivity_index,herg_risk,selective
phase2b_seed_2_454730,1,0,1,0,0,0,0,[605],GLY605(ldon)d=3.61a=110.5,True,474.49,3.85,3,5,93.36,5,2.615,easy,False,False,0,True,CC(C)Nc1cccnc1N1CCN(C(=O)c2cc3cc(NC(=O)C(F)(F)F)ccc3[nH]2)CC1,True,-8.8,5.065,0.428,6.286,0.472,5.388,0.192,8609.94,517.61,4092.61,0.06,moderate,False
phase2b_seed_2_49872646,4,1,3,0,0,0,0,"[603, 605]",GLY605(pdon)d=3.32a=162.2 | GLU603(ldon)d=3.78a=123.3 | GLY605(ldon)d=2.80a=132.0 | GLY605(ldon)d=3.31a=114.9,True,496.55,3.5,3,8,132.85,5,3.308,moderate,False,False,0,True,C[C@H](Nc1ncnc(N)c1C#N)c1nc2ccc(F)cc2c(C(=O)N2CCNCC2)c1-c1ccccc1,True,-8.8,5.484,0.506,5.92,0.14,5.514,0.217,3280.95,1202.26,3061.96,0.37,moderate,False
phase2b_seed_2_53329353,1,1,0,0,0,0,0,[605],GLY605(pdon)d=3.92a=152.1,True,462.52,4.69,2,8,110.51,6,2.839,easy,False,False,0,True,Cn1nc(-c2ccc3ccccc3n2)cc1NC(=O)c1nc(C2CC2)ccc1Nc1cncnc1,True,-8.8,5.586,0.472,6.386,0.245,5.512,0.324,2594.18,411.15,3076.1,0.16,moderate,False
phase2b_seed_2_53346507,6,1,5,0,0,0,0,"[603, 605]",GLY605(pdon)d=3.10a=168.9 | GLU603(ldon)d=3.04a=121.1 | GLY605(ldon)d=2.95a=151.0 | GLY605(ldon)d=3.07a=121.9 | GLY605(ldon)d=3.02a=120.5 | GLY605(ldon)d=3.13a=122.0,True,292.34,2.97,2,5,94.89,2,2.214,easy,False,False,0,True,CC(=O)c1cccc(-c2cc3nc(N)nc(N)c3cc2C)c1,True,-8.8,4.991,0.236,6.331,0.247,5.447,0.341,10209.39,466.66,3572.73,0.05,moderate,False
phase2b_seed_4_59455648,5,1,4,0,0,0,0,"[603, 605]",GLY605(pdon)d=3.32a=151.1 | GLU603(ldon)d=3.48a=106.5 | GLY605(ldon)d=2.95a=124.7 | GLY605(ldon)d=4.00a=101.7 | GLY605(ldon)d=3.24a=132.6,True,431.47,2.63,3,7,104.37,4,3.407,moderate,False,False,0,True,N[C@@H]1CN(c2ccncc2NC(=O)c2csc(-c3c(F)cccc3F)n2)CC[C@H]1O,True,-8.8,8.151,0.125,6.079,1.14,5.533,0.947,7.06,833.68,2930.89,118.08,moderate,True
phase2b_seed_4_121333500,3,1,2,0,0,0,0,"[603, 605]",GLY605(pdon)d=3.41a=155.7 | GLU603(ldon)d=3.72a=128.7 | GLY605(ldon)d=3.66a=121.8,True,428.44,2.95,2,6,86.0,3,3.52,moderate,False,False,0,True,O=C(Nc1cnn2ccc(N3CCC[C@H]3c3cc(F)ccc3F)nc12)N1CC[C@H](O)C1,True,-8.7,5.396,0.521,6.17,0.581,5.25,0.261,4017.91,676.08,5623.41,0.17,moderate,False
phase2b_seed_4_121408882,6,1,5,0,0,0,0,[605],GLY605(pdon)d=3.23a=162.6 | GLY605(ldon)d=3.13a=125.5 | GLY605(ldon)d=3.01a=105.2 | GLY605(ldon)d=3.19a=125.6 | GLY605(ldon)d=2.94a=109.5 | GLY605(ldon)d=3.03a=127.9,True,453.57,2.71,1,9,88.41,6,3.222,moderate,False,False,0,True,Cn1nccc1Nc1nccc(-c2cc3c(s2)C(C)(C)N(CCN2CCOCC2)C3=O)n1,True,-8.7,5.359,0.324,5.934,0.46,4.859,0.147,4375.22,1164.13,13835.66,0.27,low,False
phase2b_seed_4_46188928,1,1,0,0,0,0,0,[605],GLY605(pdon)d=4.01a=145.8,True,428.44,2.95,2,6,86.0,3,3.52,moderate,False,False,0,True,O=C(Nc1cnn2ccc(N3CCC[C@@H]3c3cc(F)ccc3F)nc12)N1CC[C@H](O)C1,True,-8.7,5.395,0.52,6.18,0.474,5.29,0.233,4027.17,660.69,5128.61,0.16,moderate,False
phase2b_seed_4_86713879,4,1,3,0,0,0,0,"[603, 605]",GLY605(pdon)d=3.44a=160.0 | GLY605(ldon)d=4.06a=124.2 | GLU603(ldon)d=4.09a=106.2 | GLU603(ldon)d=3.47a=135.6,True,460.51,3.15,3,8,121.08,4,4.947,moderate,False,False,0,True,Cn1ncc(NC(=O)c2nc(-c3c(F)cccc3F)sc2N)c1[C@]12CC[C@H](O1)[C@@H](N)CC2,True,-8.7,8.587,0.363,6.124,1.076,5.419,0.8,2.59,751.62,3810.66,290.2,moderate,True
phase2b_seed_4_135886489,1,1,0,0,0,0,0,[605],GLY605(pdon)d=3.75a=156.8,True,411.48,2.85,1,6,76.04,4,3.542,moderate,False,False,0,True,C[C@@H]1CN(Cc2ccc(F)cc2)C[C@H]1c1nc2c(cnn2C2CCOCC2)c(=O)[nH]1,True,-8.7,6.908,0.487,5.831,0.539,5.356,0.371,123.59,1475.71,4405.55,11.94,moderate,False
phase2b_seed_0_11167112,2,0,2,0,0,0,0,[605],GLY605(ldon)d=3.03a=112.6 | GLY605(ldon)d=3.04a=145.5,True,461.57,4.64,2,6,85.83,7,2.956,easy,False,False,0,True,Cn1c(NC[C@@H](N)Cc2ccccc2)nc(-c2ccncc2)c(-c2ccc3ccccc3c2)c1=O,True,-8.7,6.288,0.587,6.057,0.268,5.635,0.388,515.23,877.0,2317.39,1.7,moderate,False
phase2b_seed_4_44217530,3,1,2,0,0,0,0,[605],GLY605(pdon)d=3.21a=166.8 | GLY605(ldon)d=2.94a=117.9 | GLY605(ldon)d=3.38a=127.4,True,429.5,3.91,2,6,84.14,4,3.377,moderate,False,False,0,True,C[C@@H]1C[C@H](N)CN(c2ccncc2NC(=O)c2csc(-c3c(F)cccc3F)n2)C1,True,-8.7,8.431,0.077,6.255,0.93,5.789,0.882,3.71,555.9,1625.55,149.84,moderate,True
phase2b_seed_1_52934180,1,0,1,0,0,0,0,[605],GLY605(ldon)d=3.38a=133.9,True,405.5,3.7,1,5,83.88,2,3.362,moderate,False,False,0,True,Cc1nc2ccc(C(=O)N3CCC4(CC3)CC(=O)c3c(cnn3C(C)C)C4)cc2[nH]1,True,-8.7,5.173,0.432,5.539,0.207,4.405,0.169,6714.29,2890.68,39355.01,0.43,low,False
phase2b_seed_4_90072314,4,0,4,0,0,0,0,"[603, 605]",GLU603(ldon)d=3.23a=117.2 | GLU603(ldon)d=3.78a=155.5 | GLY605(ldon)d=4.09a=134.4 | GLY605(ldon)d=3.13a=132.4,True,460.51,3.15,3,8,121.08,4,4.947,moderate,False,False,0,True,Cn1ncc(NC(=O)c2nc(-c3c(F)cccc3F)sc2N)c1[C@@]12CC[C@@H](N)[C@@H](CC1)O2,True,-8.6,8.808,0.659,5.759,1.529,5.202,0.81,1.56,1741.81,6280.58,1116.54,moderate,True
phase2b_seed_4_45482952,1,0,1,0,0,0,0,[605],GLY605(ldon)d=3.98a=110.5,True,461.45,3.17,2,7,97.2,4,4.26,moderate,False,False,0,True,CNC(=O)Nc1ccc(-c2nc(N3[C@@H]4CC[C@H]3COC4)c3cnn(CC(F)(F)F)c3n2)cc1,True,-8.6,5.181,0.276,6.413,0.532,5.348,0.191,6591.74,386.37,4487.45,0.06,moderate,False
phase2b_seed_4_53469619,2,0,2,0,0,0,0,"[603, 605]",GLU603(ldon)d=4.03a=119.5 | GLY605(ldon)d=3.30a=158.7,True,497.54,3.02,2,10,123.51,6,2.969,easy,False,False,0,True,Cn1ncc(C(=O)NCc2cn3ccsc3n2)c1C(=O)Nc1ccn2cc(-c3ccccc3)nc2n1,True,-8.6,5.147,0.153,5.934,0.184,5.019,0.245,7128.53,1164.13,9571.94,0.16,moderate,False
phase2b_seed_2_132016492,2,1,1,0,0,0,0,[605],GLY605(pdon)d=3.25a=157.5 | GLY605(ldon)d=3.02a=126.7,True,446.45,4.56,1,4,64.15,6,3.257,moderate,False,False,0,True,NCc1ccc2c(c1)nc(CN1C(=O)C3(CC3)c3ccc(F)cc31)n2CCCC(F)(F)F,True,-8.6,5.539,0.211,6.072,0.263,5.121,0.208,2890.68,847.23,7568.33,0.29,moderate,False
phase2b_seed_2_720149,7,1,6,0,0,0,0,[605],GLY605(pdon)d=3.37a=156.9 | GLY605(ldon)d=3.23a=123.9 | GLY605(ldon)d=3.50a=116.1 | GLY605(ldon)d=3.33a=125.1 | GLY605(ldon)d=3.22a=156.5 | GLY605(ldon)d=3.21a=106.8 | GLY605(ldon)d=3.51a=113.0,True,346.39,3.6,2,4,83.98,4,1.991,easy,False,False,0,True,Cc1cccc(NC(=O)c2cccc(C(=O)Nc3cccc(C)n3)c2)n1,True,-8.6,5.097,0.441,6.507,0.396,5.111,0.349,7998.34,311.17,7744.62,0.04,moderate,False
phase2b_seed_0_11625818,1,0,1,0,0,0,0,[605],GLY605(ldon)d=3.33a=135.1,True,415.43,3.75,2,7,101.38,5,3.122,moderate,False,False,0,True,CC[C@H](Nc1ncnc2nc[nH]c12)c1nc2cccc(F)c2c(=O)n1-c1ccccc1,True,-8.5,4.931,0.259,5.756,0.275,5.289,0.265,11721.95,1753.88,5140.44,0.15,moderate,False
phase2b_seed_3_135565981,4,1,3,0,0,0,0,"[603, 605]",GLY605(pdon)d=3.04a=169.1 | GLU603(ldon)d=3.44a=142.7 | GLY605(ldon)d=3.30a=153.8 | GLY605(ldon)d=3.86a=122.0,True,317.35,2.39,2,5,73.38,2,2.959,easy,False,False,0,True,O=c1[nH]nc2c3c(cccc13)NC(CN1Cc3ccccc3C1)=N2,True,-8.5,5.724,0.278,5.952,0.113,5.088,0.299,1887.99,1116.86,8165.82,0.59,moderate,False
phase2b_seed_4_11774068,1,1,0,0,0,0,0,[605],GLY605(pdon)d=3.78a=152.5,True,404.35,2.36,2,6,101.36,4,2.721,easy,False,False,0,True,CCn1c(=O)[nH]c2nc(-c3cnn(Cc4cccc(C(F)(F)F)c4)c3)[nH]c2c1=O,True,-8.5,5.278,0.258,6.394,0.319,5.159,0.143,5272.3,403.65,6934.26,0.08,moderate,False
phase2b_seed_4_58548384,2,1,1,0,0,0,0,"[603, 605]",GLY605(pdon)d=3.71a=153.6 | GLU603(ldon)d=3.62a=137.0,True,471.55,4.23,3,8,121.79,7,2.831,easy,False,False,0,True,CNC(=O)c1nc(-c2ccccc2)sc1NC(=O)c1nc(C2CC2)ccc1Nc1cncnc1,True,-8.5,5.629,0.551,6.435,0.154,5.366,0.206,2349.63,367.28,4305.27,0.16,moderate,False
phase2b_seed_4_56836188,3,1,2,0,0,0,0,[605],GLY605(pdon)d=3.10a=164.0 | GLY605(ldon)d=3.12a=146.6 | GLY605(ldon)d=3.11a=125.0,True,415.5,2.7,2,7,103.65,7,2.691,easy,False,False,0,True,Cc1cc(N)nc(C)c1CNC(=O)c1cn(Cc2ccc(Cn3cccn3)cc2)cn1,True,-8.5,5.108,0.303,6.131,0.304,5.099,0.227,7798.3,739.61,7961.59,0.09,moderate,False
phase2b_seed_4_156155310,2,0,2,0,0,0,0,[605],GLY605(ldon)d=3.22a=160.9 | GLY605(ldon)d=3.33a=156.7,True,457.92,4.46,2,7,81.07,5,2.987,easy,False,False,0,True,Cc1nc2c(cnn2-c2csc(C(=O)NC3COC3)c2)cc1Nc1c(F)cccc1Cl,True,-8.4,5.204,0.279,6.352,0.092,5.165,0.203,6251.73,444.63,6839.12,0.07,moderate,False
phase2b_seed_4_59332218,1,0,1,0,0,0,0,[605],GLY605(ldon)d=3.75a=119.2,True,404.5,3.14,2,7,75.08,4,2.429,easy,False,False,0,True,O=C(Nc1ccccc1N1CCNCC1)c1csc(-n2ncc3ccccc32)n1,True,-8.4,5.123,0.343,5.873,0.211,5.293,0.298,7533.56,1339.68,5093.31,0.18,moderate,False
phase2b_seed_4_146560487,5,1,4,0,0,0,0,[605],GLY605(pdon)d=3.50a=158.1 | GLY605(ldon)d=3.17a=128.4 | GLY605(ldon)d=2.80a=126.7 | GLY605(ldon)d=2.95a=125.7 | GLY605(ldon)d=3.73a=141.6,True,461.53,2.61,2,9,107.6,6,4.11,moderate,False,False,0,True,CNc1cc(-c2cnc3n([C@H]4CCOC4)cccc2-3)nc2c(C(=O)N[C@H]3CC[C@@H]3OC)cnn12,True,-8.4,6.397,0.455,5.848,0.22,5.239,0.3,400.87,1419.06,5767.66,3.54,moderate,False
phase2b_seed_3_443884,5,1,4,0,0,0,0,"[603, 605]",GLY605(pdon)d=3.71a=162.8 | GLU603(ldon)d=3.11a=104.1 | GLU603(ldon)d=3.86a=146.8 | GLU603(ldon)d=2.97a=117.3 | GLY605(ldon)d=2.87a=111.2,True,325.41,1.53,3,3,68.36,3,3.797,moderate,False,False,0,True,C[C@@H](CO)NC(=O)[C@@H]1C=C2c3cccc4[nH]cc(c34)C[C@H]2N(C)C1,True,-8.4,5.77,0.592,5.534,0.193,4.886,0.407,1698.24,2924.15,13001.7,1.72,low,False
phase2b_seed_1_10409068,2,1,1,0,0,0,0,"[603, 605]",GLY605(pdon)d=3.38a=158.3 | GLU603(ldon)d=3.99a=170.0,True,406.49,3.12,3,6,100.42,7,2.503,easy,False,False,0,True,CCCNC(=O)c1cn2ncnc(Nc3cc(C(=O)NC4CC4)ccc3C)c2c1C,True,-8.4,5.689,0.856,5.891,0.115,4.94,0.1,2046.44,1285.29,11481.54,0.63,low,False
phase2b_seed_4_53482276,9,1,8,0,0,0,0,"[603, 605]",GLY605(pdon)d=2.97a=169.4 | GLU603(ldon)d=3.89a=128.5 | GLY605(ldon)d=2.91a=124.6 | GLY605(ldon)d=3.74a=125.2 | GLY605(ldon)d=2.93a=125.0 | GLY605(ldon)d=3.96a=106.7 | GLY605(ldon)d=2.97a=142.7 | GLY605(ldon)d=3.93a=109.3 | GLY605(ldon)d=4.08a=133.9,True,419.46,2.57,4,7,125.95,4,3.412,moderate,False,False,0,True,Nc1sc(-c2c(F)cccc2F)nc1C(=O)Nc1cn[nH]c1N1CCC[C@H](N)C1,True,-8.4,7.315,0.174,6.372,0.383,5.141,0.477,48.42,424.62,7227.7,8.77,moderate,False
phase2b_seed_2_466848,2,1,1,0,0,0,0,[605],GLY605(pdon)d=3.45a=163.6 | GLY605(ldon)d=3.17a=139.9,True,370.42,3.77,1,5,78.01,2,2.764,easy,False,False,0,True,CCN1c2ncccc2C(=O)N(C)c2ccc(-c3c[nH]c4cnccc34)nc21,True,-8.4,5.502,0.346,5.769,0.139,5.042,0.249,3147.75,1702.16,9078.21,0.54,moderate,False
phase2b_seed_0_71535962,4,1,3,0,0,0,0,"[603, 605]",GLY605(pdon)d=2.95a=162.4 | GLU603(ldon)d=3.73a=144.6 | GLU603(ldon)d=4.05a=114.9 | GLY605(ldon)d=3.69a=101.6,True,363.46,3.56,1,3,62.3,3,3.105,moderate,False,False,0,True,CCC(=O)N[C@@H]1CCCc2c(-c3ccc4c(c3)CCC(=O)N4C)cncc21,True,-8.4,4.795,0.193,5.863,0.27,4.539,0.156,16032.45,1370.88,28906.8,0.09,low,False
phase2b_seed_4_162639718,1,0,1,0,0,0,0,[605],GLY605(ldon)d=2.93a=121.2,True,417.47,2.42,3,7,127.82,6,3.265,moderate,False,False,0,True,Cn1cc(Nc2ncc(C3=CCC[C@@H](NC(=O)c4ccccc4)C3)nc2C(N)=O)cn1,True,-8.4,5.677,0.329,6.002,0.334,4.747,0.188,2103.78,995.41,17906.06,0.47,low,False
phase2b_seed_4_129116690,4,1,3,0,0,0,0,[605],GLY605(pdon)d=3.20a=164.5 | GLY605(ldon)d=3.35a=125.8 | GLY605(ldon)d=3.28a=148.1 | GLY605(ldon)d=3.35a=105.3,True,494.51,3.07,1,9,102.99,7,3.713,moderate,False,False,0,True,COC[C@H]1Cn2cc(-c3nc(Nc4ccnn4C)ncc3C)nc2C(=O)N1Cc1ccc(F)c(F)c1,True,-8.4,4.87,0.165,5.787,0.189,5.166,0.147,13489.63,1633.05,6823.39,0.12,moderate,False
phase2b_seed_1_122685543,3,1,2,0,0,0,0,"[603, 605]",GLY605(pdon)d=2.93a=162.4 | GLU603(ldon)d=3.56a=135.9 | GLY605(ldon)d=3.21a=115.0,True,412.5,3.8,3,6,97.86,5,2.694,easy,False,False,0,True,Cc1cc2c(C(N)=O)cccc2n1-c1nc2c(c(NCc3ccccc3)n1)CCCN2,True,-8.4,5.123,0.376,6.207,0.374,5.83,0.22,7533.56,620.87,1479.11,0.08,moderate,False
phase2b_seed_1_5517,3,1,2,0,0,0,0,"[603, 605]",GLY605(pdon)d=3.28a=172.4 | GLU603(ldon)d=2.71a=143.7 | GLY605(ldon)d=3.42a=112.4,True,404.35,2.04,2,6,101.45,3,3.071,moderate,False,False,0,True,N[C@H]1CCN(c2nc3c(cc2F)c(=O)c(C(=O)O)cn3-c2ccc(F)cc2F)C1,True,-8.4,6.331,0.196,5.728,0.375,4.734,0.28,466.66,1870.68,18450.15,4.01,low,False
phase2b_seed_1_44603362,3,1,2,0,0,0,0,[605],GLY605(pdon)d=3.81a=159.2 | GLY605(ldon)d=3.96a=122.8 | GLY605(ldon)d=3.40a=111.6,True,389.46,3.23,1,5,79.6,4,2.502,easy,False,False,0,True,CC1(C)CN(C(=O)c2ccc(-c3cccc4nc(NC(=O)C5CC5)nn34)cc2)C1,True,-8.3,5.35,0.339,6.218,0.475,5.151,0.501,4466.84,605.34,7063.18,0.14,moderate,False
phase2b_seed_4_44199470,2,1,1,0,0,0,0,[605],GLY605(pdon)d=3.32a=157.6 | GLY605(ldon)d=2.98a=120.4,True,430.48,3.25,3,7,110.16,4,3.166,moderate,False,False,0,True,Nc1sc(-c2c(F)cccc2F)nc1C(=O)Nc1cnccc1N1CCC[C@H](N)C1,True,-8.3,9.228,0.293,6.098,1.723,5.802,1.434,0.59,797.99,1577.61,1352.53,moderate,True
phase2b_seed_2_72188645,2,0,2,0,0,0,0,[605],GLY605(ldon)d=3.78a=103.6 | GLY605(ldon)d=3.64a=170.3,True,390.41,3.5,1,4,58.12,2,4.071,moderate,False,False,0,True,Cc1cc(-c2ccc(C(F)(F)F)cc2)nc([C@H]2CC[C@@]3(CCN(C)C3=O)N2)n1,True,-8.3,5.128,0.482,6.068,0.362,5.421,0.176,7447.32,855.07,3793.15,0.11,moderate,False
phase2b_seed_1_46901383,3,1,2,0,0,0,0,"[603, 605]",GLY605(pdon)d=3.04a=170.3 | GLU603(ldon)d=3.94a=118.3 | GLY605(ldon)d=3.16a=100.9,True,380.5,2.4,3,6,96.17,5,2.541,easy,False,False,0,True,NC(=O)c1cc(-c2ccnc(NC3CCCCC3)c2)nc(N2CCNCC2)c1,True,-8.3,6.86,0.555,5.915,0.343,5.405,0.345,138.04,1216.19,3935.5,8.81,moderate,False
phase2b_seed_0_24958200,4,1,3,0,0,0,0,"[603, 605]",GLY605(pdon)d=2.90a=175.2 | GLU603(ldon)d=4.05a=108.4 | GLY605(ldon)d=3.19a=112.7 | GLY605(ldon)d=3.18a=117.3,True,320.4,2.59,2,4,72.94,3,2.845,easy,False,False,0,True,NC(=O)c1cccc2cn(-c3ccc([C@@H]4CCCNC4)cc3)nc12,True,-8.3,6.045,0.445,5.961,0.318,5.619,0.275,901.57,1093.96,2404.36,1.21,moderate,False
phase2b_seed_4_58386288,2,0,2,0,0,0,0,"[603, 605]",GLU603(ldon)d=4.04a=108.8 | GLY605(ldon)d=4.10a=165.5,True,428.44,2.95,2,6,86.0,3,3.52,moderate,False,False,0,True,O=C(Nc1cnn2ccc(N3CCC[C@@H]3c3cc(F)ccc3F)nc12)N1CC[C@@H](O)C1,True,-8.3,5.408,0.551,6.145,0.589,5.228,0.211,3908.41,716.14,5915.62,0.18,moderate,False
phase2b_seed_4_137449220,4,1,3,0,0,0,0,[605],GLY605(pdon)d=3.74a=160.8 | GLY605(ldon)d=3.13a=148.3 | GLY605(ldon)d=3.33a=124.6 | GLY605(ldon)d=2.86a=137.3,True,478.49,2.11,3,10,127.47,7,3.872,moderate,False,False,0,True,CNc1cc(Nc2cccn(-c3cncc(F)c3)c2=O)nc2c(C(=O)N[C@H]3CC[C@@H]3OC)cnn12,True,-8.3,6.625,0.341,6.006,0.294,5.26,0.35,237.14,986.28,5495.41,4.16,moderate,False
phase2b_seed_2_462958,1,0,1,0,0,0,0,[605],GLY605(ldon)d=3.12a=137.2,True,498.65,3.89,3,6,110.43,6,2.823,easy,False,False,0,True,CN(c1ncccc1NC(C)(C)C)C1CCN(C(=O)c2cc3cc(NS(C)(=O)=O)ccc3[nH]2)CC1,True,-8.3,5.907,0.442,5.802,0.377,5.136,0.227,1238.8,1577.61,7311.39,1.27,moderate,False
phase2b_seed_4_164628676,1,0,1,0,0,0,0,[605],GLY605(ldon)d=3.46a=114.5,True,457.56,3.99,1,8,88.83,6,3.317,moderate,False,False,0,True,O=C(c1nccs1)N1CC[C@@H](Nc2nccc(-n3cc(C4CC4)nc3-c3ccccc3)n2)C1,True,-8.3,5.181,0.21,5.975,0.422,5.691,0.286,6591.74,1059.25,2037.04,0.16,moderate,False
phase2b_seed_0_46181428,2,1,1,0,0,0,0,"[603, 605]",GLY605(pdon)d=3.53a=154.5 | GLU603(ldon)d=3.82a=102.7,True,396.37,3.76,2,5,97.11,6,3.186,moderate,False,False,0,True,O=C(O)c1ccc(NC(=O)[C@H](CC2CCCC2)n2cnc(C(F)(F)F)c2)nc1,True,-8.3,4.86,0.301,6.022,0.279,4.681,0.198,13803.84,950.6,20844.91,0.07,low,False
phase2b_seed_4_53482332,2,1,1,0,0,0,0,"[603, 605]",GLY605(pdon)d=3.03a=166.8 | GLU603(ldon)d=3.18a=145.4,True,415.5,2.44,3,8,115.09,4,3.215,moderate,False,False,0,True,Cn1ncc(NC(=O)c2nc(-c3ccccc3F)sc2N)c1N1CCC[C@H](N)C1,True,-8.3,8.29,0.153,6.238,0.923,5.511,0.762,5.13,578.1,3083.19,112.69,moderate,True
phase2b_seed_4_53329531,2,1,1,0,0,0,0,"[603, 605]",GLY605(pdon)d=3.97a=154.1 | GLU603(ldon)d=3.79a=117.5,True,433.47,4.4,2,8,105.58,6,2.671,easy,False,False,0,True,O=C(Nc1nnc(-c2ccc(F)cc2)s1)c1nc(C2CC2)ccc1Nc1cncnc1,True,-8.3,5.881,0.665,6.738,0.16,5.871,0.367,1315.22,182.81,1345.86,0.14,moderate,False
phase2b_seed_4_91809176,5,1,4,0,0,0,0,[605],GLY605(pdon)d=3.31a=160.2 | GLY605(ldon)d=3.79a=109.9 | GLY605(ldon)d=3.20a=126.0 | GLY605(ldon)d=2.87a=100.7 | GLY605(ldon)d=2.88a=105.1,True,461.6,4.61,2,8,97.62,6,2.767,easy,False,False,0,True,Cc1cc(-c2ccnc(Nc3cnn(C)c3)n2)ccc1CNC(=O)c1cnc(C(C)(C)C)s1,True,-8.3,5.033,0.043,6.101,0.371,5.161,0.307,9268.3,792.5,6902.4,0.09,moderate,False
phase2b_seed_4_53469815,2,1,1,0,0,0,0,[605],GLY605(pdon)d=3.20a=163.3 | GLY605(ldon)d=3.72a=159.7,True,472.53,3.08,2,9,119.1,6,2.784,easy,False,False,0,True,Cc1nc(CNC(=O)c2cnn(C)c2C(=O)Nc2ccn3cc(-c4ccccc4)nc3n2)cs1,True,-8.3,5.012,0.336,5.943,0.248,4.887,0.175,9727.47,1140.25,12971.79,0.12,low,False
phase2b_seed_2_58548219,2,1,1,0,0,0,0,[605],GLY605(pdon)d=3.53a=156.7 | GLY605(ldon)d=3.06a=131.7,True,433.45,3.12,2,7,113.0,6,2.702,easy,False,False,0,True,O=C(Nc1cc(F)ccc1C(=O)N1CCC1)c1nc(C2CC2)cnc1Nc1cncnc1,True,-8.3,5.432,0.427,5.977,0.221,5.047,0.33,3698.28,1054.39,8974.29,0.29,moderate,False
phase2b_seed_4_56932125,3,1,2,0,0,0,0,[605],GLY605(pdon)d=3.26a=162.0 | GLY605(ldon)d=3.13a=124.2 | GLY605(ldon)d=2.80a=167.1,True,465.58,2.32,1,9,86.72,6,2.623,easy,False,False,0,True,O=C(CN1CCN(c2ccnc(Nc3ncc(-c4cccnc4)s3)c2)CC1)N1CCOCC1,True,-8.2,5.067,0.464,5.665,0.33,4.711,0.261,8570.38,2162.72,19453.6,0.25,low,False
phase2b_seed_4_137441521,3,1,2,0,0,0,0,[605],GLY605(pdon)d=4.02a=160.1 | GLY605(ldon)d=2.86a=161.0 | GLY605(ldon)d=3.21a=137.5,True,474.53,2.28,3,10,127.47,7,3.794,moderate,False,False,0,True,CNc1cc(Nc2cccn(-c3ccc(C)nc3)c2=O)nc2c(C(=O)N[C@H]3CC[C@@H]3OC)cnn12,True,-8.2,6.575,0.329,5.985,0.354,5.205,0.237,266.07,1035.14,6237.35,3.89,moderate,False
phase2b_seed_4_25113172,6,1,5,0,0,0,0,[605],GLY605(pdon)d=3.37a=156.3 | GLY605(ldon)d=3.14a=123.9 | GLY605(ldon)d=3.13a=123.4 | GLY605(ldon)d=3.42a=111.1 | GLY605(ldon)d=2.91a=147.6 | GLY605(ldon)d=2.97a=125.2,True,397.5,3.38,3,7,100.03,6,2.937,easy,False,False,0,True,Cc1cc(C)cc(Nc2nccc(-c3nc(C)c(C(=O)N[C@@H](C)CO)s3)n2)c1,True,-8.2,5.151,0.334,6.18,0.302,5.117,0.243,7063.18,660.69,7638.36,0.09,moderate,False
phase2b_seed_0_58124325,2,0,2,0,0,0,0,[605],GLY605(ldon)d=4.08a=125.8 | GLY605(ldon)d=3.34a=136.4,True,368.41,2.46,2,4,90.01,6,2.562,easy,False,False,0,True,CC(C)[C@H](NC(=O)c1nn(Cc2ccc(F)cc2)c2ccccc12)C(N)=O,True,-8.2,4.994,0.261,6.29,0.559,5.22,0.362,10139.11,512.86,6025.6,0.05,moderate,False
phase2b_seed_2_462961,1,0,1,0,0,0,0,[605],GLY605(ldon)d=3.29a=138.5,True,482.61,3.25,3,6,110.43,7,2.726,easy,False,False,0,True,CN(c1ncccc1NC1CC1)C1CCN(C(=O)c2cc3cc(NS(C)(=O)=O)ccc3[nH]2)CC1,True,-8.2,6.015,0.138,5.936,0.455,5.132,0.333,966.05,1158.78,7379.04,1.2,moderate,False
phase2b_seed_4_25262782,3,1,2,0,0,0,0,[605],GLY605(pdon)d=3.58a=162.9 | GLY605(ldon)d=4.01a=110.2 | GLY605(ldon)d=3.29a=111.5,True,469.55,4.52,2,7,97.2,5,3.964,moderate,False,False,0,True,CCn1ncc2c(N3C[C@H]4CC[C@@H](C3)O4)nc(-c3ccc(NC(=O)Nc4ccccc4)cc3)nc21,True,-8.2,5.479,0.342,5.902,0.182,5.929,0.21,3318.94,1253.14,1177.61,0.38,moderate,False
phase2b_seed_4_118034891,1,0,1,0,0,0,0,[605],GLY605(ldon)d=3.84a=100.3,True,454.51,4.26,1,7,75.94,5,3.567,moderate,False,False,0,True,CN(C(=O)c1cc(F)ccc1-n1nccn1)[C@H]1CCC[C@@H]1Nc1nc2ccc(F)cc2s1,True,-8.2,5.328,0.359,5.968,0.309,5.568,0.206,4698.94,1076.47,2703.96,0.23,moderate,False
phase2b_seed_4_75163532,1,0,1,0,0,0,0,[605],GLY605(ldon)d=3.22a=127.2,True,441.48,3.84,2,5,101.21,4,3.334,moderate,False,False,0,True,Cc1nc(NC(=O)N2CCC[C@H]2C(N)=O)sc1-c1ccnc(C(C)(C)C(F)(F)F)c1,True,-8.2,5.091,0.426,6.408,0.322,4.769,0.152,8109.61,390.84,17021.59,0.05,low,False
phase2b_seed_1_9951066,3,0,3,0,0,0,0,[605],GLY605(ldon)d=3.75a=112.6 | GLY605(ldon)d=3.73a=160.3 | GLY605(ldon)d=3.04a=125.3,True,366.47,2.9,3,5,78.66,6,2.545,easy,False,False,0,True,Cc1cccc(C)c1CNc1cc(C(=O)NCCO)cn2c(C)c(C)nc12,True,-8.2,5.182,0.36,5.947,0.068,4.853,0.092,6576.58,1129.8,14028.14,0.17,low,False
phase2b_seed_1_53252276,2,1,1,0,0,0,0,"[603, 605]",GLY605(pdon)d=3.12a=161.7 | GLU603(ldon)d=3.13a=137.5,True,344.39,1.55,3,6,97.86,3,3.71,moderate,False,False,0,True,Cn1cc(-c2nc(N[C@@H]3CCCC[C@@H]3N)c(F)c3c2C(=O)NC3)cn1,True,-8.2,6.742,0.307,5.954,0.377,4.94,0.15,181.13,1111.73,11481.54,6.14,low,False
phase2b_seed_1_208947,2,1,1,0,0,0,0,[605],GLY605(pdon)d=4.02a=145.9 | GLY605(ldon)d=3.30a=150.4,True,293.37,3.43,1,3,50.68,2,3.233,moderate,False,False,0,True,Cc1[nH]cnc1C[C@H]1CCc2c(C)c3ccccc3n2C1=O,True,-8.2,5.262,0.296,6.37,0.383,5.135,0.249,5470.16,426.58,7328.25,0.08,moderate,False
phase2b_seed_2_58548152,3,1,2,0,0,0,0,[605],GLY605(pdon)d=3.69a=156.1 | GLY605(ldon)d=3.18a=119.5 | GLY605(ldon)d=2.88a=124.2,True,421.44,2.98,2,7,113.0,6,2.837,easy,False,False,0,True,CN(C)C(=O)c1c(F)cccc1NC(=O)c1nc(C2CC2)cnc1Nc1cncnc1,True,-8.2,4.858,0.283,5.741,0.286,4.987,0.392,13867.56,1815.52,10303.86,0.13,low,False
phase2b_seed_4_45488032,2,1,1,0,0,0,0,[605],GLY605(pdon)d=3.10a=164.4 | GLY605(ldon)d=3.03a=121.2,True,498.59,3.98,3,8,123.22,6,4.089,moderate,False,False,0,True,CCn1ncc2c(N3C[C@H]4CC[C@@H](C3)O4)nc(-c3ccc(NC(=O)Nc4ccc(CN)cc4)cc3)nc21,True,-8.1,5.682,0.272,5.929,0.201,5.913,0.294,2079.7,1177.61,1221.8,0.57,moderate,False
phase2b_seed_4_59455638,2,1,1,0,0,0,0,"[603, 605]",GLY605(pdon)d=3.32a=151.4 | GLU603(ldon)d=3.50a=110.3,True,433.46,3.61,2,6,84.14,4,3.476,moderate,False,False,0,True,N[C@@H]1CN(c2ccncc2NC(=O)c2csc(-c3c(F)cccc3F)n2)CC[C@H]1F,True,-8.1,7.172,0.157,6.206,0.758,5.271,0.434,67.3,622.3,5357.97,9.25,moderate,False
phase2b_seed_0_44631912,1,0,1,0,0,0,0,[605],GLY605(ldon)d=4.09a=105.0,True,434.55,2.8,2,8,91.21,5,2.821,easy,False,False,0,True,CN(C)C(=O)c1cc2cnc(Nc3ccc(N4CCNCC4)cn3)nc2n1C1CCCC1,True,-8.1,4.494,0.093,5.142,0.265,4.893,0.167,32062.69,7211.07,12793.81,0.22,low,False
phase2b_seed_0_51352361,1,1,0,0,0,0,0,[605],GLY605(pdon)d=3.33a=161.0,True,409.42,1.42,2,6,117.75,3,3.246,moderate,False,False,0,True,CN1C(N)=N[C@](C)(c2cc(NC(=O)c3ccc(F)cn3)ccc2F)CS1(=O)=O,True,-8.1,4.764,0.249,6.207,0.396,4.652,0.152,17218.69,620.87,22284.35,0.04,low,False
phase2b_seed_2_35802,3,1,2,0,0,0,0,[605],GLY605(pdon)d=3.75a=155.3 | GLY605(ldon)d=3.74a=134.0 | GLY605(ldon)d=2.93a=113.0,True,313.29,3.11,2,4,84.08,3,2.097,easy,False,False,0,True,COC(=O)Nc1nc2ccc(C(=O)c3ccc(F)cc3)cc2[nH]1,True,-8.1,4.951,0.343,6.003,0.178,5.707,0.412,11194.38,993.12,1963.36,0.09,moderate,False
phase2b_seed_1_9864291,1,0,1,0,0,0,0,[605],GLY605(ldon)d=3.74a=163.4,True,336.44,3.53,2,4,72.42,5,2.569,easy,False,False,0,True,CCc1cccc(C)c1CNc1cc(C(N)=O)cn2c(C)c(C)nc12,True,-8.1,4.642,0.312,6.418,0.344,5.197,0.318,22803.42,381.94,6353.31,0.02,moderate,False
phase2b_seed_4_67501573,2,1,1,0,0,0,0,[605],GLY605(pdon)d=3.41a=159.5 | GLY605(ldon)d=3.53a=109.4,True,381.41,2.07,2,6,82.76,4,3.398,moderate,False,False,0,True,O=C(NC1CC1)c1cnn2ccc(N3C[C@H](O)C[C@@H]3c3cccc(F)c3)nc12,True,-8.1,6.887,0.223,6.367,0.639,5.539,0.362,129.72,429.54,2890.68,3.31,moderate,False
phase2b_seed_4_137450100,3,1,2,0,0,0,0,[605],GLY605(pdon)d=3.82a=161.9 | GLY605(ldon)d=3.59a=113.2 | GLY605(ldon)d=2.80a=144.1,True,474.53,2.28,3,10,127.47,7,3.815,moderate,False,False,0,True,CNc1cc(Nc2cccn(-c3cccnc3C)c2=O)nc2c(C(=O)N[C@H]3CC[C@@H]3OC)cnn12,True,-8.1,6.316,0.225,5.924,0.278,5.012,0.19,483.06,1191.24,9727.47,2.47,moderate,False
phase2b_seed_4_15980109,9,1,8,0,0,0,0,[605],GLY605(pdon)d=3.49a=156.9 | GLY605(ldon)d=3.02a=109.0 | GLY605(ldon)d=3.02a=118.2 | GLY605(ldon)d=3.21a=125.2 | GLY605(ldon)d=2.82a=103.0 | GLY605(ldon)d=3.04a=166.3 | GLY605(ldon)d=3.38a=111.6 | GLY605(ldon)d=2.91a=106.9 | GLY605(ldon)d=3.61a=121.3,True,425.52,1.87,3,9,118.29,7,2.698,easy,False,False,0,True,NCCNC(=O)c1cncc(-c2cnc(Nc3cc(N4CCOCC4)ccn3)s2)c1,True,-8.0,5.973,0.125,5.723,0.267,4.809,0.257,1064.14,1892.34,15523.87,1.78,low,False
phase2b_seed_0_46926973,1,0,1,0,0,0,0,[605],GLY605(ldon)d=3.24a=122.3,True,396.45,3.79,1,6,93.55,5,2.58,easy,False,False,0,True,Cc1cc(-c2ncc(CC(=O)Nc3ccc(-c4cnccn4)cn3)cc2C)ccn1,True,-8.0,4.724,0.345,6.253,0.173,4.805,0.246,18879.91,558.47,15667.51,0.03,low,False
phase2b_seed_4_166629432,3,1,2,0,0,0,0,"[603, 605]",GLY605(pdon)d=4.04a=160.3 | GLU603(ldon)d=3.66a=132.3 | GLY605(ldon)d=2.93a=107.5,True,467.6,2.7,3,9,95.82,6,3.291,moderate,False,False,0,True,CSc1cc(N2CCOCC2)ccc1NC(=O)c1cnn2ccc(N[C@@H]3CCCNC3)nc12,True,-8.0,6.817,0.53,5.906,0.116,5.397,0.318,152.41,1241.65,4008.67,8.15,moderate,False
phase2b_seed_4_58063084,2,0,2,0,0,0,0,[605],GLY605(ldon)d=3.17a=107.4 | GLY605(ldon)d=3.23a=110.2,True,384.85,3.65,2,7,98.2,3,2.615,easy,False,False,0,True,Cc1nc(-c2cccc(Cl)c2)c(NC(=O)c2cnn3ccc(N)nc23)s1,True,-8.0,6.657,0.245,6.677,0.393,5.758,0.226,220.29,210.38,1745.82,0.96,moderate,False
phase2b_seed_4_25262616,2,1,1,0,0,0,0,"[603, 605]",GLY605(pdon)d=3.64a=160.6 | GLU603(ldon)d=3.97a=113.1,True,407.48,2.63,2,7,97.2,4,4.077,moderate,False,False,0,True,CCn1ncc2c(N3C[C@H]4CC[C@@H](C3)O4)nc(-c3ccc(NC(=O)NC)cc3)nc21,True,-8.0,5.193,0.351,5.96,0.435,5.284,0.208,6412.1,1096.48,5199.96,0.17,moderate,False
phase2b_seed_2_66555680,1,0,1,0,0,0,0,[605],GLY605(ldon)d=3.22a=129.4,True,356.39,3.35,3,5,105.38,3,2.575,easy,False,False,0,True,Cc1nc2ccc(-n3ncc(C(=O)c4cc5ccccc5[nH]4)c3N)cc2[nH]1,True,-8.0,4.507,0.086,6.056,0.473,4.828,0.212,31117.16,879.02,14859.36,0.03,low,False
phase2b_seed_4_51002052,2,1,1,0,0,0,0,"[603, 605]",GLY605(pdon)d=3.32a=151.3 | GLU603(ldon)d=2.82a=116.6,True,415.47,3.66,2,6,84.14,4,2.996,easy,False,False,0,True,N[C@H]1CCCN(c2ccncc2NC(=O)c2csc(-c3c(F)cccc3F)n2)C1,True,-8.0,8.056,0.054,6.274,0.77,5.562,0.684,8.79,532.11,2741.57,60.54,moderate,False
phase2b_seed_4_71288719,1,0,1,0,0,0,0,[605],GLY605(ldon)d=3.70a=152.2,True,456.51,1.88,1,8,110.83,7,2.595,easy,False,False,0,True,Cn1ncc(C(=O)N2CCC2)c1C(=O)NCCc1nc(-c2ccccc2)nn1-c1ccccn1,True,-8.0,5.09,0.22,5.663,0.095,4.859,0.204,8128.31,2172.7,13835.66,0.27,low,False
phase2b_seed_3_25166913,1,1,0,0,0,0,0,[605],GLY605(pdon)d=3.03a=174.9,True,374.45,3.39,3,4,96.84,3,3.079,moderate,False,False,0,True,CN1CC[C@@H](NC(=O)Nc2ccc(C#N)cc2)C[C@@H]1c1nc2ccccc2[nH]1,True,-8.0,4.901,0.186,6.437,0.46,5.948,0.212,12560.3,365.59,1127.2,0.03,moderate,False
phase2b_seed_4_25262617,2,1,1,0,0,0,0,[605],GLY605(pdon)d=3.75a=160.0 | GLY605(ldon)d=3.90a=111.4,True,421.51,3.02,2,7,97.2,5,4.057,moderate,False,False,0,True,CCNC(=O)Nc1ccc(-c2nc(N3C[C@H]4CC[C@@H](C3)O4)c3cnn(CC)c3n2)cc1,True,-7.9,5.414,0.416,6.182,0.469,5.484,0.156,3854.78,657.66,3280.95,0.17,moderate,False
phase2b_seed_4_69936421,2,1,1,0,0,0,0,"[603, 605]",GLY605(pdon)d=3.57a=151.1 | GLU603(ldon)d=3.66a=102.9,True,393.38,1.88,2,7,106.21,4,2.708,easy,False,False,0,True,CNC(=O)c1cnn(C)c1C(=O)Nc1ccn2cc(-c3cccc(F)c3)nc2n1,True,-7.9,5.096,0.257,5.919,0.202,4.972,0.104,8016.78,1205.04,10665.96,0.15,low,False
phase2b_seed_4_25262783,2,1,1,0,0,0,0,[605],GLY605(pdon)d=3.72a=162.2 | GLY605(ldon)d=3.43a=125.0,True,470.54,3.92,2,8,110.09,5,4.1,moderate,False,False,0,True,CCn1ncc2c(N3C[C@H]4CC[C@@H](C3)O4)nc(-c3ccc(NC(=O)Nc4cccnc4)cc3)nc21,True,-7.9,5.515,0.43,5.975,0.286,5.522,0.289,3054.92,1059.25,3006.08,0.35,moderate,False
phase2b_seed_1_67454400,1,1,0,0,0,0,0,[605],GLY605(pdon)d=2.88a=178.3,True,384.39,2.38,2,6,98.72,6,3.203,moderate,False,False,0,True,NC(=O)c1ccn(-c2cnc(NC[C@]3(c4ncccc4F)C[C@@H](F)C3)nc2)c1,True,-7.9,5.683,0.33,6.191,0.194,4.859,0.181,2074.91,644.17,13835.66,0.31,low,False
phase2b_seed_0_68254185,3,1,2,0,0,0,0,[605],GLY605(pdon)d=3.00a=179.6 | GLY605(ldon)d=3.39a=132.2 | GLY605(ldon)d=3.46a=153.0,True,367.41,3.14,2,6,104.16,3,3.383,moderate,False,False,0,True,C[C@@]1(c2cc(NC(=O)c3ccc(C#N)cn3)ccc2F)C=CSC(N)=N1,True,-7.9,5.108,0.239,6.235,0.241,5.002,0.183,7798.3,582.1,9954.05,0.07,moderate,False
phase2b_seed_4_72194526,6,1,5,0,0,0,0,"[603, 605]",GLY605(pdon)d=4.02a=157.8 | GLU603(ldon)d=3.36a=158.7 | GLU603(ldon)d=3.37a=148.9 | GLU603(ldon)d=3.51a=170.6 | GLY605(ldon)d=3.75a=125.1 | GLY605(ldon)d=3.02a=141.8,True,435.51,3.24,3,8,108.06,6,2.595,easy,False,False,0,True,O=C(Nc1ccc(CN2CCOCC2)cc1)c1[nH]ncc1Nc1ncnc2sccc12,True,-7.9,5.085,0.246,5.898,0.217,5.135,0.128,8222.43,1264.74,7328.25,0.15,moderate,False
phase2b_seed_1_54739,1,0,1,0,0,0,0,[605],GLY605(ldon)d=3.75a=104.8,True,311.34,2.22,2,4,91.65,3,3.025,moderate,False,False,0,True,CC(C)[C@]1(C)N=C(c2nc3ccccc3cc2C(=O)O)NC1=O,True,-7.9,5.457,0.351,5.923,0.477,4.515,0.179,3491.4,1193.99,30549.21,0.34,low,False
phase2b_seed_0_11667893,1,0,1,0,0,0,0,[605],GLY605(ldon)d=3.05a=105.4,True,373.46,4.04,3,5,78.94,5,2.521,easy,False,False,0,True,CC1(C)CNc2cc(NC(=O)c3cccnc3NCc3ccncc3)ccc21,True,-7.9,4.896,0.11,5.86,0.378,5.253,0.272,12705.74,1380.38,5584.7,0.11,moderate,False
phase2b_seed_4_72195318,2,1,1,0,0,0,0,[605],GLY605(pdon)d=3.96a=149.1 | GLY605(ldon)d=3.17a=137.0,True,448.56,3.16,3,8,102.07,6,2.635,easy,False,False,0,True,CN1CCN(Cc2ccc(NC(=O)c3[nH]ncc3Nc3ncnc4ccsc34)cc2)CC1,True,-7.9,5.54,0.448,6.131,0.325,5.353,0.113,2884.03,739.61,4436.09,0.26,moderate,False
phase2b_seed_0_11493841,2,1,1,0,0,0,0,[605],GLY605(pdon)d=4.09a=149.2 | GLY605(ldon)d=3.45a=135.3,True,340.43,2.31,4,6,118.95,5,3.072,moderate,False,False,0,True,Cc1cccc(Nc2nc(N[C@@H]3CCCC[C@@H]3N)ncc2C(N)=O)c1,True,-7.9,5.243,0.299,6.147,0.366,5.486,0.087,5714.79,712.85,3265.88,0.12,moderate,False
phase2b_seed_2_462952,4,1,3,0,0,0,0,[605],GLY605(pdon)d=3.85a=156.3 | GLY605(ldon)d=3.81a=102.5 | GLY605(ldon)d=3.59a=114.8 | GLY605(ldon)d=2.90a=103.0,True,391.52,4.12,2,4,64.26,5,2.523,easy,False,False,0,True,CC(C)Nc1cccnc1N(C)C1CCN(C(=O)c2cc3ccccc3[nH]2)CC1,True,-7.8,5.26,0.462,5.401,0.211,5.061,0.189,5495.41,3971.92,8689.6,0.72,moderate,False
phase2b_seed_2_462972,1,0,1,0,0,0,0,[605],GLY605(ldon)d=3.65a=132.2,True,498.65,3.89,3,6,110.43,8,2.912,easy,False,False,0,True,CCNc1cccnc1N(C(C)C)C1CCN(C(=O)c2cc3cc(NS(C)(=O)=O)ccc3[nH]2)CC1,True,-7.8,5.654,0.223,5.834,0.143,5.161,0.252,2218.2,1465.55,6902.4,0.66,moderate,False
phase2b_seed_0_118873253,1,0,1,0,0,0,0,[605],GLY605(ldon)d=3.68a=126.8,True,472.48,3.1,3,8,135.94,4,3.032,moderate,False,False,0,True,CC1(N)CCN(c2cccnc2NC(=O)c2nc(-c3ncccc3C(F)(F)F)cnc2N)CC1,True,-7.8,4.873,0.094,6.064,0.238,5.056,0.186,13396.77,862.98,8790.23,0.06,moderate,False
phase2b_seed_0_11689883,1,0,1,0,0,0,0,[605],GLY605(ldon)d=3.15a=165.4,True,401.44,3.06,2,5,86.8,4,2.269,easy,False,False,0,True,COC(=O)N1CCN(Cc2cccc(NC(=O)Nc3ccc(C)nc3)c2F)CC1,True,-7.8,5.437,0.434,5.702,0.123,4.833,0.219,3655.95,1986.09,14689.26,0.54,low,False
phase2b_seed_1_135566764,3,1,2,0,0,0,0,"[603, 605]",GLY605(pdon)d=2.97a=173.3 | GLU603(ldon)d=3.89a=113.3 | GLU603(ldon)d=3.53a=152.3,True,321.38,2.73,2,3,74.85,5,2.422,easy,False,False,0,True,C[C@H](NC(=O)CCc1nc2ccccc2c(=O)[nH]1)c1ccccc1,True,-7.8,4.901,0.265,5.619,0.252,4.956,0.333,12560.3,2404.36,11066.24,0.19,low,False
phase2b_seed_2_454726,3,1,2,0,0,0,0,[605],GLY605(pdon)d=2.92a=171.6 | GLY605(ldon)d=3.42a=126.5 | GLY605(ldon)d=3.47a=126.5,True,388.48,3.22,2,5,88.05,4,2.495,easy,False,False,0,True,CC(C)Nc1cccnc1N1CCN(C(=O)c2cc3ccc(C#N)cc3[nH]2)CC1,True,-7.8,5.055,0.375,5.808,0.261,5.505,0.207,8810.49,1555.97,3126.08,0.18,moderate,False
phase2b_seed_4_135908617,2,1,1,0,0,0,0,"[603, 605]",GLY605(pdon)d=2.93a=170.6 | GLU603(ldon)d=3.54a=112.3,True,311.34,1.46,1,6,85.69,3,2.73,easy,False,False,0,True,O=c1[nH]c(Cc2ccccn2)nc2c1cnn2C1CCOCC1,True,-7.8,5.186,0.399,6.071,0.323,4.625,0.135,6516.28,849.18,23713.74,0.13,low,False
phase2b_seed_4_72194525,4,1,3,0,0,0,0,"[603, 605]",GLY605(pdon)d=3.87a=160.1 | GLU603(ldon)d=3.34a=139.6 | GLY605(ldon)d=3.80a=156.8 | GLY605(ldon)d=3.90a=132.5,True,448.56,3.16,3,8,102.07,6,2.603,easy,False,False,0,True,CN1CCN(Cc2ccc(NC(=O)c3[nH]ncc3Nc3ncnc4sccc34)cc2)CC1,True,-7.8,5.589,0.34,6.131,0.298,5.356,0.06,2576.32,739.61,4405.55,0.29,moderate,False
phase2b_seed_1_155586901,2,1,1,0,0,0,0,[605],GLY605(pdon)d=2.97a=160.4 | GLY605(ldon)d=2.89a=156.2,True,406.49,1.56,2,6,94.22,5,2.549,easy,False,False,0,True,CCc1cc2ncc(CN3CCN(c4ccc(C(=O)NC)nc4)CC3)cc2[nH]c1=O,True,-7.8,4.933,0.246,5.159,0.4,4.704,0.288,11668.1,6934.26,19769.7,0.59,low,False
phase2b_seed_4_54582836,1,0,1,0,0,0,0,[603],GLU603(ldon)d=3.94a=102.5,True,496.59,1.63,4,9,132.61,8,4.343,moderate,False,False,0,True,CNc1nc([C@H]2C[C@H]3C[C@H]3N2C(=O)[C@H](O)[C@@H](O)C(=O)N[C@H](C)c2ccc(-n3cccn3)cc2)cs1,True,-7.7,5.399,0.378,5.285,0.176,4.883,0.101,3990.25,5188.0,13091.82,1.3,low,False
phase2b_seed_0_5625,2,1,1,0,0,0,0,[605],GLY605(pdon)d=2.98a=155.0 | GLY605(ldon)d=3.74a=114.0,True,456.57,2.72,3,6,110.43,6,2.528,easy,False,False,0,True,CC(C)Nc1cccnc1N1CCN(C(=O)c2cc3cc(NS(C)(=O)=O)ccc3[nH]2)CC1,True,-7.7,5.354,0.376,6.278,0.289,5.293,0.215,4425.88,527.23,5093.31,0.12,moderate,False
phase2b_seed_4_71288717,1,0,1,0,0,0,0,[605],GLY605(ldon)d=3.34a=135.8,True,419.49,1.83,1,7,97.94,7,2.613,easy,False,False,0,True,Cn1ncc(C(=O)N2CCC2)c1C(=O)NCCc1nc(-c2ccccc2)nn1C1CC1,True,-7.7,5.412,0.328,5.676,0.233,5.021,0.251,3872.58,2108.63,9527.96,0.54,moderate,False
phase2b_seed_4_135567108,2,1,1,0,0,0,0,"[603, 605]",GLY605(pdon)d=2.95a=162.3 | GLU603(ldon)d=3.53a=146.1,True,378.41,2.32,1,6,79.7,6,2.708,easy,False,False,0,True,CN(CCc1cnn(-c2nccc3c(=O)[nH]cnc23)c1)Cc1ccc(F)cc1,True,-7.7,6.072,0.427,6.326,0.176,5.796,0.702,847.23,472.06,1599.56,0.56,moderate,False
phase2b_seed_0_3185,3,1,2,0,0,0,0,[605],GLY605(pdon)d=3.47a=162.3 | GLY605(ldon)d=3.59a=154.8 | GLY605(ldon)d=3.53a=126.4,True,401.53,2.9,1,5,79.37,7,2.206,easy,False,False,0,True,Cc1cccc(CCN2CCC(C(=O)c3ccc(NS(C)(=O)=O)cc3)CC2)n1,True,-7.7,6.155,0.5,7.549,0.718,7.908,0.081,699.84,28.25,12.36,0.04,high,False
phase2b_seed_0_3478,2,0,2,0,0,0,0,[605],GLY605(ldon)d=3.37a=135.7 | GLY605(ldon)d=3.45a=115.4,True,445.55,2.08,3,6,130.15,7,2.344,easy,False,False,0,True,Cc1cnc(C(=O)NCCc2ccc(S(=O)(=O)NC(=O)NC3CCCCC3)cc2)cn1,True,-7.7,4.362,0.34,5.898,0.286,3.953,0.11,43451.02,1264.74,111429.45,0.03,low,False
phase2b_seed_4_118435363,1,0,1,0,0,0,0,[605],GLY605(ldon)d=3.18a=110.5,True,428.49,2.67,2,9,107.42,4,4.546,moderate,False,False,0,True,C[C@H]1C[C@H]2CSC(N)=N[C@@]2(c2nc(NC(=O)c3ccn(C(F)F)n3)cs2)CO1,True,-7.7,5.897,0.605,6.507,0.38,5.17,0.233,1267.65,311.17,6760.83,0.25,moderate,False
phase2b_seed_4_57964129,1,0,1,0,0,0,0,[603],GLU603(ldon)d=3.42a=105.4,True,478.57,3.56,1,8,103.18,7,3.533,moderate,False,False,0,True,O=C(Nc1ncc(F)s1)[C@H](CC1CCOCC1)n1ncc2c(S(=O)(=O)C3CC3)cccc21,True,-7.6,4.85,0.106,6.172,0.34,4.747,0.109,14125.38,672.98,17906.06,0.05,low,False
phase2b_seed_4_45488066,1,0,1,0,0,0,0,[605],GLY605(ldon)d=3.63a=108.4,True,499.58,3.96,3,9,122.12,6,4.221,moderate,False,False,0,True,CCn1ncc2c(N3C[C@H]4CC[C@@H](C3)O4)nc(-c3ccc(NC(=O)Nc4ccc(NC)nc4)cc3)nc21,True,-7.6,5.327,0.281,5.822,0.222,5.595,0.359,4709.77,1506.61,2540.97,0.32,moderate,False
phase2b_seed_4_71262654,2,1,1,0,0,0,0,"[603, 605]",GLY605(pdon)d=3.28a=151.3 | GLU603(ldon)d=3.50a=111.1,True,402.43,3.48,2,6,76.14,5,3.09,moderate,False,False,0,True,O=C(Nc1cnccc1O[C@H]1CCNC1)c1csc(-c2c(F)cccc2F)n1,True,-7.6,7.686,0.141,6.305,0.655,5.546,0.406,20.61,495.45,2844.46,24.04,moderate,False
phase2b_seed_1_9839190,1,1,0,0,0,0,0,[605],GLY605(pdon)d=4.10a=158.0,True,297.36,2.51,3,3,73.99,4,2.3,easy,False,False,0,True,CNCc1ccc(NC(=O)c2c[nH]c3c2C(=O)CCC3)cc1,True,-7.6,5.039,0.352,5.913,0.214,4.85,0.169,9141.13,1221.8,14125.38,0.13,low,False
phase2b_seed_2_462973,1,0,1,0,0,0,0,[605],GLY605(ldon)d=3.88a=176.6,True,498.65,3.89,3,6,110.43,9,2.772,easy,False,False,0,True,CCCNc1cccnc1N(CC)C1CCN(C(=O)c2cc3cc(NS(C)(=O)=O)ccc3[nH]2)CC1,True,-7.6,5.791,0.247,5.824,0.111,5.326,0.215,1618.08,1499.68,4720.63,0.93,moderate,False
phase2b_seed_0_3510,1,0,1,0,0,0,0,[605],GLY605(ldon)d=3.17a=111.0,True,312.42,2.32,1,4,50.16,2,3.898,moderate,False,False,0,True,CN1[C@@H]2CCC[C@H]1C[C@H](NC(=O)c1nn(C)c3ccccc13)C2,True,-7.6,5.297,0.607,6.248,0.43,5.708,0.104,5046.61,564.94,1958.84,0.11,moderate,False
phase2b_seed_4_24741312,2,1,1,0,0,0,0,[605],GLY605(pdon)d=2.80a=171.8 | GLY605(ldon)d=2.91a=101.3,True,358.38,2.3,3,7,117.34,6,2.622,easy,False,False,0,True,O=C(CCc1cnc(-n2cc(O)cn2)s1)Nc1ccccc1C(=O)O,True,-7.6,5.463,0.306,5.682,0.228,4.358,0.164,3443.5,2079.7,43853.07,0.6,low,False
phase2b_seed_4_10361685,3,1,2,0,0,0,0,[605],GLY605(pdon)d=3.87a=161.3 | GLY605(ldon)d=3.35a=102.8 | GLY605(ldon)d=3.14a=100.2,True,368.47,3.33,3,7,91.83,6,2.438,easy,False,False,0,True,CNc1nc(C)c(-c2ccnc(Nc3cccc(CNC(C)=O)c3)n2)s1,True,-7.6,5.227,0.268,6.002,0.07,4.892,0.229,5929.25,995.41,12823.31,0.17,low,False
phase2b_seed_0_2099,1,1,0,0,0,0,0,[605],GLY605(pdon)d=4.08a=143.2,True,294.36,2.41,1,3,53.92,2,2.622,easy,False,False,0,True,Cc1[nH]cnc1CN1CCc2c(c3ccccc3n2C)C1=O,True,-7.5,5.451,0.329,6.172,0.26,5.525,0.123,3539.97,672.98,2985.38,0.19,moderate,False
phase2b_seed_4_6416725,2,0,2,0,0,0,0,[605],GLY605(ldon)d=3.16a=104.0 | GLY605(ldon)d=3.52a=116.3,True,420.54,3.98,1,6,77.0,7,2.969,easy,False,False,0,True,C[C@H](Sc1nnc(-c2ccccc2)c(-c2ccccc2)n1)C(=O)NC[C@H]1CCCO1,True,-7.5,5.201,0.311,5.602,0.168,5.104,0.111,6295.06,2500.35,7870.46,0.4,moderate,False
phase2b_seed_0_4487,1,0,1,0,0,0,0,[603],GLU603(ldon)d=3.46a=133.0,True,308.34,2.13,1,5,68.92,3,2.016,easy,False,False,0,True,Cc1c(NC(=O)c2cccnc2)c(=O)n(-c2ccccc2)n1C,True,-7.5,4.912,0.144,6.011,0.252,4.834,0.319,12246.16,974.99,14655.48,0.08,low,False
phase2b_seed_1_4030,3,1,2,0,0,0,0,[605],GLY605(pdon)d=3.94a=155.5 | GLY605(ldon)d=3.04a=120.6 | GLY605(ldon)d=3.21a=121.1,True,295.3,2.97,2,4,84.08,3,2.033,easy,False,False,0,True,COC(=O)Nc1nc2ccc(C(=O)c3ccccc3)cc2[nH]1,True,-7.4,4.897,0.327,5.821,0.181,5.323,0.333,12676.52,1510.08,4753.35,0.12,moderate,False
phase2b_seed_1_108000,1,0,1,0,0,0,0,[605],GLY605(ldon)d=2.88a=108.4,True,279.34,2.89,1,3,50.68,2,3.073,moderate,False,False,0,True,Cn1cc(C(=O)[C@@H]2CCc3nc[nH]c3C2)c2ccccc21,True,-7.4,5.28,0.288,6.61,0.309,5.284,0.46,5248.07,245.47,5199.96,0.05,moderate,False
phase2b_seed_2_11675054,4,1,3,0,0,0,0,[605],GLY605(pdon)d=3.06a=163.3 | GLY605(ldon)d=3.14a=168.4 | GLY605(ldon)d=2.97a=105.1 | GLY605(ldon)d=3.09a=125.4,True,368.42,3.47,2,6,84.73,5,2.56,easy,False,False,0,True,CNC(=O)c1ccc(Nc2nccc(-c3cnc(C)n3C(C)C)n2)cc1F,True,-7.4,4.975,0.253,6.001,0.399,5.047,0.058,10592.54,997.7,8974.29,0.09,moderate,False
phase2b_seed_2_16071896,1,1,0,0,0,0,0,[605],GLY605(pdon)d=3.23a=160.2,True,335.34,3.09,1,5,80.66,4,2.482,easy,False,False,0,True,O=C(Nc1cnc(-c2ccncc2F)c(-c2cccnc2)n1)C1CC1,True,-7.3,5.032,0.177,6.214,0.166,4.829,0.327,9289.66,610.94,14825.18,0.07,low,False
phase2b_seed_2_71666749,3,0,3,0,0,0,0,[605],GLY605(ldon)d=3.17a=111.2 | GLY605(ldon)d=3.80a=112.2 | GLY605(ldon)d=4.04a=123.3,True,274.37,1.98,3,3,97.79,3,3.324,moderate,False,False,0,True,C[C@@H](C(N)=O)[C@H](N)c1nc2ccc(C(C)(C)C)cc2[nH]1,True,-7.3,5.074,0.512,5.653,0.396,4.617,0.206,8433.35,2223.31,24154.61,0.26,low,False
phase2b_seed_1_44519124,4,1,3,0,0,0,0,"[603, 605]",GLY605(pdon)d=4.03a=146.2 | GLU603(ldon)d=3.68a=103.3 | GLU603(ldon)d=3.62a=112.7 | GLY605(ldon)d=3.12a=136.1,True,336.44,4.2,1,4,51.1,6,2.221,easy,False,False,0,True,CC(=O)c1ccc2c(c1)c1cc(C(C)=O)ccc1n2CCNC(C)C,True,-7.3,4.78,0.197,5.91,0.492,4.85,0.252,16595.87,1230.27,14125.38,0.07,low,False
phase2b_seed_2_454735,1,1,0,0,0,0,0,[605],GLY605(pdon)d=4.09a=145.9,True,470.6,2.74,2,6,101.64,6,2.649,easy,False,False,0,True,CC(C)Nc1cccnc1N1CCN(C(=O)c2cc3cc(N(C)S(C)(=O)=O)ccc3[nH]2)CC1,True,-7.3,4.951,0.268,5.706,0.296,4.836,0.193,11194.38,1967.89,14588.14,0.18,low,False
phase2b_seed_0_50922681,3,1,2,0,0,0,0,[605],GLY605(pdon)d=3.97a=141.2 | GLY605(ldon)d=3.24a=108.0 | GLY605(ldon)d=3.23a=137.3,True,366.51,3.5,1,4,48.47,7,2.013,easy,False,False,0,True,CC(C)CCNc1ncccc1C(=O)N1CCN(Cc2ccccc2)CC1,True,-7.2,5.923,0.654,5.428,0.233,4.891,0.166,1193.99,3732.5,12852.87,3.13,low,False
phase2b_seed_3_168182,2,1,1,0,0,0,0,"[603, 605]",GLY605(pdon)d=3.70a=159.9 | GLU603(ldon)d=3.18a=129.9,True,303.36,1.26,4,3,108.21,6,2.736,easy,False,False,0,True,CC(C)[C@H](N)C(=O)N[C@@H](Cc1c[nH]c2ccccc12)C(=O)O,True,-7.2,5.397,0.426,5.514,0.265,4.418,0.203,4008.67,3061.96,38194.43,0.76,low,False
phase2b_seed_4_57378176,1,1,0,0,0,0,0,[605],GLY605(pdon)d=3.47a=154.4,True,466.42,1.19,1,9,109.89,5,3.056,moderate,False,False,0,True,CN(CC(F)(F)F)C(=O)c1cnn(C)c1C(=O)Nc1ccn2nc(N3CCOCC3)nc2c1,True,-7.2,5.296,0.184,6.042,0.272,5.154,0.313,5058.25,907.82,7014.55,0.18,moderate,False
phase2b_seed_4_58464924,1,0,1,0,0,0,0,[605],GLY605(ldon)d=3.68a=127.4,True,335.34,2.66,2,6,85.83,3,2.56,easy,False,False,0,True,Cn1cc(NC(=O)c2nc(-c3c(F)cccc3F)sc2N)cn1,True,-7.2,7.069,0.204,7.05,0.543,5.554,0.562,85.31,89.13,2792.54,1.04,moderate,False
phase2b_seed_2_11357740,5,1,4,0,0,0,0,[605],GLY605(pdon)d=3.18a=162.7 | GLY605(ldon)d=3.28a=100.4 | GLY605(ldon)d=2.96a=110.0 | GLY605(ldon)d=3.40a=102.6 | GLY605(ldon)d=3.02a=134.2,True,271.32,1.54,3,4,96.69,2,3.581,moderate,False,False,0,True,CC(C)[C@H]1CNC(=O)c2cc(-c3ccnc(N)n3)[nH]c21,True,-7.2,6.635,0.488,5.7,0.362,4.784,0.162,231.74,1995.26,16443.72,8.61,low,False
phase2b_seed_0_155907792,1,0,1,0,0,0,0,[605],GLY605(ldon)d=3.17a=133.6,True,330.43,2.47,2,4,90.01,6,2.763,easy,False,False,0,True,CCCCn1nc(C(=O)N[C@H](C(N)=O)C(C)(C)C)c2ccccc21,True,-7.0,5.159,0.149,5.449,0.327,4.677,0.224,6934.26,3556.31,21037.78,0.51,low,False
phase2b_seed_4_71538688,1,0,1,0,0,0,0,[603],GLU603(ldon)d=3.94a=122.4,True,426.48,1.03,1,9,109.89,6,2.905,easy,False,False,0,True,CCN(CC)c1nc2ccc(NC(=O)c3c(C(=O)N4CCOCC4)cnn3C)cn2n1,True,-7.0,5.064,0.267,5.395,0.279,4.646,0.244,8629.79,4027.17,22594.36,0.47,low,False
phase2b_seed_1_128784,2,1,1,0,0,0,0,[605],GLY605(pdon)d=3.81a=156.5 | GLY605(ldon)d=2.89a=112.9,True,312.37,2.37,1,5,72.68,5,2.238,easy,False,False,0,True,CCCn1c(=O)c2[nH]c(-c3ccccc3)nc2n(CCC)c1=O,True,-7.0,5.378,0.487,6.098,0.42,5.257,0.376,4187.94,797.99,5533.5,0.19,moderate,False
phase2b_seed_1_9925908,3,1,2,0,0,0,0,[605],GLY605(pdon)d=3.87a=142.3 | GLY605(ldon)d=3.82a=103.9 | GLY605(ldon)d=3.33a=139.9,True,286.38,2.25,2,3,75.01,4,2.261,easy,False,False,0,True,CCCN1CCC(c2nc3c(C(N)=O)cccc3[nH]2)CC1,True,-7.0,6.091,0.55,6.249,0.585,5.63,0.352,810.96,563.64,2344.23,0.7,moderate,False
phase2b_seed_4_165414970,1,0,1,0,0,0,0,[605],GLY605(ldon)d=3.62a=122.5,True,434.46,1.5,1,9,119.54,7,2.752,easy,False,False,0,True,COCCN(C)C(=O)c1cnn(C)c1C(=O)Nc1cc2nc(-c3ccccc3)nn2cn1,True,-6.8,4.853,0.074,5.902,0.329,5.095,0.184,14028.14,1253.14,8035.26,0.09,moderate,False
phase2b_seed_3_23897,1,0,1,0,0,0,0,[605],GLY605(ldon)d=3.07a=115.1,True,276.38,1.96,1,3,45.33,3,3.168,moderate,False,False,0,True,CCc1c(C)[nH]c2c1C(=O)[C@@H](CN1CCOCC1)CC2,True,-6.8,5.394,0.407,6.054,0.279,4.614,0.18,4036.45,883.08,24322.04,0.22,low,False
phase2b_seed_1_71234,2,1,1,0,0,0,0,[605],GLY605(pdon)d=3.28a=160.2 | GLY605(ldon)d=3.49a=100.9,True,284.32,1.02,2,4,83.98,5,2.421,easy,False,False,0,True,C[C@H](CNC(=O)c1cccnc1)NC(=O)c1cccnc1,True,-6.7,5.349,0.534,5.381,0.184,4.362,0.252,4477.13,4159.11,43451.02,0.93,low,False
phase2b_seed_4_46209426,1,0,1,0,0,0,0,[605],GLY605(ldon)d=2.92a=128.9,True,311.37,2.61,2,6,79.8,5,2.122,easy,False,False,0,True,O=C(NCc1ccccc1)c1csc(Nc2ccncn2)n1,True,-6.7,4.532,0.203,5.768,0.211,5.14,0.149,29376.5,1706.08,7244.36,0.06,moderate,False
phase2b_seed_4_25260758,3,1,2,0,0,0,0,"[603, 605]",GLY605(pdon)d=3.13a=169.7 | GLU603(ldon)d=3.53a=104.3 | GLU603(ldon)d=3.19a=102.8,True,475.55,3.3,2,8,114.27,4,4.358,moderate,False,False,0,True,CNC(=O)Nc1ccc(-c2nc(N3C[C@H]4CC[C@@H](C3)O4)c3cnn(C4CCC(=O)CC4)c3n2)cc1,True,-9.0,5.363,0.457,6.037,0.419,5.103,0.213,4335.11,918.33,7888.6,0.21,moderate,False
phase2b_seed_1_25262792,2,1,1,0,0,0,0,[605],GLY605(pdon)d=3.04a=157.3 | GLY605(ldon)d=3.09a=157.4,True,462.55,2.5,1,8,92.71,4,3.527,moderate,False,False,0,True,CNC(=O)c1cccc(-c2ccc3c(N4CCOC[C@@H]4C)nc(N4CCOC[C@@H]4C)nc3n2)c1,True,-9.2,4.871,0.23,5.759,0.296,5.123,0.335,13458.6,1741.81,7533.56,0.13,moderate,False
phase2b_seed_1_163557606,3,1,2,0,0,0,0,[605],GLY605(pdon)d=3.21a=159.2 | GLY605(ldon)d=3.86a=137.6 | GLY605(ldon)d=3.42a=106.8,True,472.6,3.8,1,8,106.06,5,4.31,moderate,False,False,0,True,CC[C@@H](N)c1nc(N2CCC[C@H]2C)cc2c1CN(c1cccc(-c3nnc4n3[C@@H](C)CC4)n1)C2=O,True,-9.3,7.148,0.298,5.894,0.381,5.109,0.329,71.12,1276.44,7780.37,17.95,moderate,False
phase2b_seed_1_71245288,1,0,1,0,0,0,0,[605],GLY605(ldon)d=3.24a=113.1,True,445.5,4.68,1,7,90.52,6,3.026,moderate,False,False,0,True,Cc1cc(F)c(C(=O)Nc2cccc(-c3nncn3C(C)C)n2)cc1-n1cnc(C2CC2)c1,True,-8.9,5.832,0.276,6.183,0.256,5.127,0.2,1472.31,656.15,7464.49,0.45,moderate,False
phase2b_seed_2_11676119,3,1,2,0,0,0,0,"[603, 605]",GLY605(pdon)d=3.04a=162.5 | GLU603(ldon)d=3.53a=111.6 | GLY605(ldon)d=2.80a=120.6,True,420.48,4.08,2,5,110.44,5,2.577,easy,False,False,0,True,Cc1cccc(-c2[nH]c(Cc3cccc(C(N)=O)c3)nc2-c2ccc3nccnc3c2)n1,True,-9.0,5.482,0.372,6.671,0.203,5.393,0.271,3296.1,213.3,4045.76,0.06,moderate,False
phase2b_seed_4_129136448,4,1,3,0,0,0,0,[605],GLY605(pdon)d=3.49a=157.9 | GLY605(ldon)d=3.33a=124.2 | GLY605(ldon)d=3.33a=121.9 | GLY605(ldon)d=2.94a=100.2,True,464.48,3.45,1,8,93.76,5,3.641,moderate,False,False,0,True,Cc1cnc(Nc2ccnn2C)nc1-c1cn2c(n1)C(=O)N(Cc1ccc(F)c(F)c1)[C@@H](C)C2,True,-8.9,4.972,0.195,5.83,0.16,5.142,0.209,10665.96,1479.11,7211.07,0.14,moderate,False
phase2b_seed_3_49806720,2,1,1,0,0,0,0,[605],GLY605(pdon)d=2.94a=170.5 | GLY605(ldon)d=2.96a=120.7,True,482.63,4.77,1,5,72.36,3,3.005,moderate,False,False,0,True,CCc1cc2c(cc1N1CCC(N3CCOCC3)CC1)C(C)(C)c1[nH]c3cc(C#N)ccc3c1C2=O,True,-9.1,4.462,0.086,5.991,0.402,5.59,0.158,34514.37,1020.94,2570.4,0.03,moderate,False
phase2b_seed_3_11950726,3,1,2,0,0,0,0,[605],GLY605(pdon)d=3.17a=165.8 | GLY605(ldon)d=3.75a=127.6 | GLY605(ldon)d=3.98a=114.4,True,479.6,4.13,2,4,90.98,3,4.544,moderate,False,False,0,True,CN1C(=O)C(F)=C[C@]2(C)[C@H]3CC[C@]4(C)[C@@H](C(=O)NCc5nc6ncccc6[nH]5)CC[C@H]4[C@@H]3CC[C@@H]12,True,-10.5,5.473,0.354,5.281,0.245,4.734,0.218,3365.12,5236.0,18450.15,1.56,low,False
phase2b_seed_1_11618268,2,0,2,0,0,0,0,[605],GLY605(ldon)d=3.38a=119.4 | GLY605(ldon)d=3.43a=120.2,True,401.41,3.36,2,7,101.38,4,2.965,easy,False,False,0,True,C[C@H](Nc1ncnc2nc[nH]c12)c1nc2ccc(F)cc2c(=O)n1-c1ccccc1,True,-8.8,4.762,0.255,5.82,0.32,5.186,0.318,17298.16,1513.56,6516.28,0.09,moderate,False
phase2b_seed_1_11338127,2,0,2,0,0,0,0,"[603, 605]",GLU603(ldon)d=4.06a=100.1 | GLY605(ldon)d=3.13a=135.4,True,385.43,2.76,2,6,113.8,5,2.379,easy,False,False,0,True,Cc1ccc(C(=O)NC2CC2)cc1-n1ncc(C(=O)c2cccc(C#N)c2)c1N,True,-9.0,5.463,0.46,5.955,0.119,5.647,0.375,3443.5,1109.17,2254.24,0.32,moderate,False
phase2b_seed_2_135398510,1,1,0,0,0,0,0,[605],GLY605(pdon)d=3.67a=154.8,True,392.44,2.54,3,5,94.04,2,2.638,easy,False,False,0,True,CN1CCN(c2ccc3nc(-c4c(N)c5c(F)cccc5[nH]c4=O)[nH]c3c2)CC1,True,-9.0,4.935,0.071,6.135,0.525,5.458,0.311,11614.49,732.82,3483.37,0.06,moderate,False
phase2b_seed_1_11373432,2,0,2,0,0,0,0,[605],GLY605(ldon)d=2.97a=147.1 | GLY605(ldon)d=3.98a=108.5,True,417.51,2.34,1,6,70.47,4,2.347,easy,False,False,0,True,Cc1ccc(C(=O)NC2CC2)cc1-n1cnc2ccc(N3CCN(C)CC3)cc2c1=O,True,-9.3,5.835,0.715,5.761,0.153,4.94,0.154,1462.18,1733.8,11481.54,1.19,low,False
phase2b_seed_1_67223373,2,1,1,0,0,0,0,[605],GLY605(pdon)d=2.89a=172.5 | GLY605(ldon)d=3.91a=122.5,True,342.4,3.38,1,3,72.78,1,3.254,moderate,False,False,0,True,N#Cc1ccc2c(c1)[C@H]1CCCN(C(=O)c3ccc4nc[nH]c4c3)[C@H]1C2,True,-9.1,5.735,0.288,5.769,0.174,5.223,0.194,1840.77,1702.16,5984.12,0.92,moderate,False
phase2b_seed_4_66555847,2,1,1,0,0,0,0,[605],GLY605(pdon)d=3.40a=157.1 | GLY605(ldon)d=4.00a=122.3,True,474.53,3.94,4,7,121.36,4,4.093,moderate,False,False,0,True,C[C@H]1C[C@@H](c2ccncc2NC(=O)c2nc(-c3c(F)cccc3F)sc2N)C[C@@H](O)[C@]1(C)O,True,-8.9,8.87,0.123,6.439,1.276,6.037,1.375,1.35,363.92,918.33,269.57,high,True
phase2b_seed_1_56646218,4,1,3,0,0,0,0,[605],GLY605(pdon)d=3.12a=161.6 | GLY605(ldon)d=3.25a=123.2 | GLY605(ldon)d=3.08a=127.8 | GLY605(ldon)d=2.90a=104.8,True,396.45,3.85,2,6,93.94,4,2.543,easy,False,False,0,True,N#Cc1cc(-c2ccnc(Nc3ccc4c(c3)CC(=O)N4)n2)ccc1N1CCCC1,True,-9.1,5.08,0.309,5.694,0.186,5.687,0.432,8317.64,2023.02,2055.89,0.24,moderate,False
phase2b_seed_2_10089772,3,1,2,0,0,0,0,"[603, 605]",GLY605(pdon)d=3.69a=149.9 | GLU603(ldon)d=3.62a=114.0 | GLY605(ldon)d=3.10a=124.6,True,358.4,2.85,2,4,79.78,2,3.209,moderate,False,False,0,True,C[C@@H]1NC(=O)[C@@H](Cc2c[nH]c3ccccc23)n2c1nc1ccccc1c2=O,True,-9.3,5.568,0.514,5.727,0.243,4.774,0.201,2703.96,1874.99,16826.74,0.69,low,False
phase2b_seed_2_25061501,4,1,3,0,0,0,0,"[603, 605]",GLY605(pdon)d=3.47a=150.4 | GLU603(ldon)d=3.84a=158.5 | GLU603(ldon)d=3.69a=133.4 | GLY605(ldon)d=3.57a=131.9,True,400.43,2.14,3,5,99.93,5,3.316,moderate,False,False,0,True,CCc1c[nH]c2ncnc(N3CC[C@](N)(CNC(=O)c4ccc(F)cc4F)C3)c12,True,-8.9,5.293,0.188,5.932,0.227,5.204,0.153,5093.31,1169.5,6251.73,0.23,moderate,False
phase2b_seed_2_447682,3,1,2,0,0,0,0,[605],GLY605(pdon)d=2.89a=156.7 | GLY605(ldon)d=3.88a=125.1 | GLY605(ldon)d=2.98a=147.6,True,292.29,2.56,2,3,74.57,2,2.354,easy,False,False,0,True,O=C(O)Cc1c2ccccc2n2c1[nH]c(=O)c1ccccc12,True,-9.0,5.371,0.283,5.455,0.167,4.676,0.038,4255.98,3507.52,21086.28,0.82,low,False
phase2b_seed_2_135564899,1,0,1,0,0,0,0,[605],GLY605(ldon)d=3.92a=113.0,True,429.53,3.41,1,7,92.59,4,3.637,moderate,False,False,0,True,C[C@@H]1CN(Cc2ccc3nccnc3c2)C[C@H]1c1nc2c(cnn2C2CCCC2)c(=O)[nH]1,True,-8.8,7.206,1.222,5.742,0.949,5.057,0.245,62.23,1811.34,8770.01,29.11,moderate,False
phase2b_seed_0_5291,3,1,2,0,0,0,0,[605],GLY605(pdon)d=3.12a=163.7 | GLY605(ldon)d=3.02a=147.1 | GLY605(ldon)d=3.36a=122.0,True,493.62,4.59,2,7,86.28,7,2.332,easy,False,False,0,True,Cc1ccc(NC(=O)c2ccc(CN3CCN(C)CC3)cc2)cc1Nc1nccc(-c2cccnc2)n1,True,-9.0,4.943,0.184,6.11,0.412,5.553,0.061,11402.5,776.25,2798.98,0.07,moderate,False
phase2b_seed_3_70817911,2,1,1,0,0,0,0,[605],GLY605(pdon)d=2.81a=170.5 | GLY605(ldon)d=3.41a=110.1,True,383.46,3.5,2,5,99.3,4,2.517,easy,False,False,0,True,NC(=O)c1ccc2nc(-c3ccc(C4(N)CCC4)cc3)c(-c3ccccc3)n2n1,True,-8.9,5.597,0.629,5.718,0.39,5.252,0.513,2529.3,1914.26,5597.58,0.76,moderate,False
phase2b_seed_4_121333495,2,1,1,0,0,0,0,"[603, 605]",GLY605(pdon)d=3.47a=157.3 | GLU603(ldon)d=3.83a=119.5,True,428.44,2.95,2,6,86.0,3,3.52,moderate,False,False,0,True,O=C(Nc1cnn2ccc(N3CCC[C@H]3c3cc(F)ccc3F)nc12)N1CC[C@@H](O)C1,True,-8.8,5.412,0.554,6.125,0.691,5.187,0.227,3872.58,749.89,6501.3,0.19,moderate,False
phase2b_seed_2_25145656,2,1,1,0,0,0,0,"[603, 605]",GLY605(pdon)d=3.77a=159.5 | GLU603(ldon)d=4.06a=134.2,True,412.43,3.43,1,6,85.07,4,2.666,easy,False,False,0,True,CNC(=O)c1ccc(-c2cnc3ncc(Cc4ccc5ncccc5c4)n3n2)cc1F,True,-9.2,4.46,0.08,5.775,0.285,4.679,0.08,34673.69,1678.8,20941.12,0.05,low,False
phase2b_seed_1_3501,1,1,0,0,0,0,0,[605],GLY605(pdon)d=3.10a=159.7,True,378.44,4.6,1,4,62.75,2,2.81,easy,False,False,0,True,Cn1c2ccccc2c2c3c(c4c5ccccc5n(CCC#N)c4c21)CNC3=O,True,-9.2,5.919,0.389,6.301,0.379,5.446,0.058,1205.04,500.03,3580.96,0.41,moderate,False
phase2b_seed_1_135565545,6,1,5,0,0,0,0,"[603, 605]",GLY605(pdon)d=3.15a=160.3 | GLU603(ldon)d=3.95a=114.1 | GLU603(ldon)d=3.96a=121.6 | GLU603(ldon)d=3.79a=110.9 | GLY605(ldon)d=3.97a=123.2 | GLY605(ldon)d=3.99a=123.2,True,419.49,2.49,4,6,130.19,4,3.784,moderate,False,False,0,True,Cn1cc(-c2[nH]c3cc(NC(=O)[C@H](N)C4CCCCC4)cc4c3c2C=NNC4=O)cn1,True,-9.5,6.012,0.263,5.728,0.116,4.662,0.24,972.75,1870.68,21777.1,1.92,low,False
phase2b_seed_3_86269224,1,1,0,0,0,0,0,[605],GLY605(pdon)d=3.40a=160.0,True,474.61,3.5,2,8,91.21,4,3.573,moderate,False,False,0,True,CC(C)N1CCN(c2ccc(Nc3ncc4cc5n(c4n3)C3(CCCCC3)CNC5=O)nc2)CC1,True,-9.1,5.469,0.394,5.309,0.204,4.709,0.314,3396.25,4909.08,19543.39,1.45,low,False
phase2b_seed_0_68029831,2,1,1,0,0,0,0,[605],GLY605(pdon)d=3.38a=158.5 | GLY605(ldon)d=2.82a=122.0,True,446.56,2.72,2,8,91.21,3,3.526,moderate,False,False,0,True,CN1CCN(c2ccc(Nc3ncc4cc5n(c4n3)C3(CCCCC3)CNC5=O)nc2)CC1,True,-9.3,5.417,0.193,5.435,0.222,4.804,0.259,3828.25,3672.82,15703.63,0.96,low,False
