cid,seed,smiles,sdf_file,conformer,MW,LogP,HBD,HBA,TPSA,RotBonds,HeavyAtoms,Rings,AromaticRings
4472,seed_0,C1=CC=C(C=C1)CNC(=O)CCNNC(=O)C2=CC=NC=C2,kinase_domain/data/phase2b/raw/phase2b_seed_0_4472.sdf,3d,298.35,1.02,3,4,83.12,7,22,2,2
10096344,seed_0,CC#CCN1C2=C(N=C1N3CCCC(C3)N)N(C(=O)N(C2=O)CC4=NC5=CC=CC=C5C(=N4)C)C,kinase_domain/data/phase2b/raw/phase2b_seed_0_10096344.sdf,3d,472.55,1.15,1,10,116.86,4,35,5,4
5329102,seed_0,CCN(CC)CCNC(=O)C1=C(NC(=C1C)C=C2C3=C(C=CC(=C3)F)NC2=O)C,kinase_domain/data/phase2b/raw/phase2b_seed_0_5329102.sdf,3d,398.48,3.33,3,3,77.23,7,29,3,2
3114,seed_0,CC(C)N(CCC(C1=CC=CC=C1)(C2=CC=CC=N2)C(=O)N)C(C)C,kinase_domain/data/phase2b/raw/phase2b_seed_0_3114.sdf,3d,339.48,3.36,1,3,59.22,8,25,2,2
3478,seed_0,CC1=CN=C(C=N1)C(=O)NCCC2=CC=C(C=C2)S(=O)(=O)NC(=O)NC3CCCCC3,kinase_domain/data/phase2b/raw/phase2b_seed_0_3478.sdf,3d,445.55,2.08,3,6,130.15,7,31,3,2
5291,seed_0,CC1=C(C=C(C=C1)NC(=O)C2=CC=C(C=C2)CN3CCN(CC3)C)NC4=NC=CC(=N4)C5=CN=CC=C5,kinase_domain/data/phase2b/raw/phase2b_seed_0_5291.sdf,3d,493.62,4.59,2,7,86.28,7,37,5,4
11625818,seed_0,CCC(C1=NC2=C(C(=CC=C2)F)C(=O)N1C3=CC=CC=C3)NC4=NC=NC5=C4NC=N5,kinase_domain/data/phase2b/raw/phase2b_seed_0_11625818.sdf,3d,415.43,3.75,2,7,101.38,5,31,5,5
107867,seed_0,CCN(CC)CC1CCCCN1CC(=O)N2C3=CC=CC=C3C(=O)NC4=C2N=CC=C4,kinase_domain/data/phase2b/raw/phase2b_seed_0_107867.sdf,3d,421.55,3.51,1,5,68.78,6,31,4,2
5330286,seed_0,CC1=C(C(=O)N(C2=NC(=NC=C12)NC3=NC=C(C=C3)N4CCNCC4)C5CCCC5)C(=O)C,kinase_domain/data/phase2b/raw/phase2b_seed_0_5330286.sdf,3d,447.54,2.97,2,9,105.04,5,33,5,3
4848,seed_0,CN1CCN(CC1)CC(=O)N2C3=CC=CC=C3C(=O)NC4=C2N=CC=C4,kinase_domain/data/phase2b/raw/phase2b_seed_0_4848.sdf,3d,351.41,1.56,1,5,68.78,2,26,4,2
9865515,seed_0,C1=CC=C(C(=C1)N)NC(=O)C2=CC=C(C=C2)CNC3=NC=CC(=N3)C4=CN=CC=C4,kinase_domain/data/phase2b/raw/phase2b_seed_0_9865515.sdf,3d,396.45,3.99,3,6,105.82,6,30,4,4
24958200,seed_0,C1CC(CNC1)C2=CC=C(C=C2)N3C=C4C=CC=C(C4=N3)C(=O)N,kinase_domain/data/phase2b/raw/phase2b_seed_0_24958200.sdf,3d,320.4,2.59,2,4,72.94,3,24,4,3
71226662,seed_0,CC#CC(=O)N1CCCC1C2=NC(=C3N2C=CN=C3N)C4=CC=C(C=C4)C(=O)NC5=CC=CC=N5,kinase_domain/data/phase2b/raw/phase2b_seed_0_71226662.sdf,3d,465.52,3.31,2,7,118.51,4,35,5,4
11610526,seed_0,CN1CCC(CC1)C(=O)C2=NC(=CC=C2)NC(=O)C3=C(C=C(C=C3F)F)F,kinase_domain/data/phase2b/raw/phase2b_seed_0_11610526.sdf,3d,377.37,3.28,1,4,62.3,4,27,3,2
24872560,seed_0,CNC(=O)C1=C(C=C(C=C1)N2C(=S)N(C(=O)C23CCC3)C4=CC(=C(N=C4)C#N)C(F)(F)F)F,kinase_domain/data/phase2b/raw/phase2b_seed_0_24872560.sdf,3d,477.44,3.53,1,5,89.33,3,33,4,2
2099,seed_0,CC1=C(N=CN1)CN2CCC3=C(C2=O)C4=CC=CC=C4N3C,kinase_domain/data/phase2b/raw/phase2b_seed_0_2099.sdf,3d,294.36,2.41,1,3,53.92,2,22,4,3
4261,seed_0,C1=CC=C(C(=C1)N)NC(=O)C2=CC=C(C=C2)CNC(=O)OCC3=CN=CC=C3,kinase_domain/data/phase2b/raw/phase2b_seed_0_4261.sdf,3d,376.42,3.34,3,5,106.34,6,28,3,3
10341154,seed_0,C1=CC(=C(C(=C1)F)N(C2=NC(=C(C=C2)C(=O)N)C3=C(C=C(C=C3)F)F)C(=O)N)F,kinase_domain/data/phase2b/raw/phase2b_seed_0_10341154.sdf,3d,404.32,3.62,2,3,102.31,4,29,3,3
11667893,seed_0,CC1(CNC2=C1C=CC(=C2)NC(=O)C3=C(N=CC=C3)NCC4=CC=NC=C4)C,kinase_domain/data/phase2b/raw/phase2b_seed_0_11667893.sdf,3d,373.46,4.04,3,5,78.94,5,28,4,3
60758,seed_0,CC1=C(N=CN1)CN2CCC3=C(C2=O)C4=CC=CC=C4N3C.Cl,kinase_domain/data/phase2b/raw/phase2b_seed_0_60758.sdf,2d,330.82,2.83,1,3,53.92,2,23,4,3
443375,seed_0,CN1C2=CC=CC=C2C(=NC(C1=O)NC(=O)C3=CC4=CC=CC=C4N3)C5=CC=CC=C5,kinase_domain/data/phase2b/raw/phase2b_seed_0_443375.sdf,3d,408.46,3.74,2,3,77.56,3,31,5,4
25062766,seed_0,C1COCCN1C2=CC=C(C=C2)NC3=NC=CC(=N3)C4=CC=C(C=C4)C(=O)NCC#N,kinase_domain/data/phase2b/raw/phase2b_seed_0_25062766.sdf,3d,414.47,2.98,2,7,103.17,6,31,4,3
44631912,seed_0,CN(C)C(=O)C1=CC2=CN=C(N=C2N1C3CCCC3)NC4=NC=C(C=C4)N5CCNCC5,kinase_domain/data/phase2b/raw/phase2b_seed_0_44631912.sdf,3d,434.55,2.8,2,8,91.21,5,32,5,3
2441,seed_0,C1C(=O)NC2=C(C=C(C=C2)Br)C(=N1)C3=CC=CC=N3,kinase_domain/data/phase2b/raw/phase2b_seed_0_2441.sdf,3d,316.16,2.63,1,3,54.35,1,19,3,2
5625,seed_0,CC(C)NC1=C(N=CC=C1)N2CCN(CC2)C(=O)C3=CC4=C(N3)C=CC(=C4)NS(=O)(=O)C,kinase_domain/data/phase2b/raw/phase2b_seed_0_5625.sdf,3d,456.57,2.72,3,6,110.43,6,32,4,3
68029831,seed_0,CN1CCN(CC1)C2=CN=C(C=C2)NC3=NC=C4C=C5C(=O)NCC6(N5C4=N3)CCCCC6,kinase_domain/data/phase2b/raw/phase2b_seed_0_68029831.sdf,3d,446.56,2.72,2,8,91.21,3,33,6,3
51352361,seed_0,CC1(CS(=O)(=O)N(C(=N1)N)C)C2=C(C=CC(=C2)NC(=O)C3=NC=C(C=C3)F)F,kinase_domain/data/phase2b/raw/phase2b_seed_0_51352361.sdf,3d,409.42,1.42,2,6,117.75,3,28,3,2
58124325,seed_0,CC(C)C(C(=O)N)NC(=O)C1=NN(C2=CC=CC=C21)CC3=CC=C(C=C3)F,kinase_domain/data/phase2b/raw/phase2b_seed_0_58124325.sdf,3d,368.41,2.46,2,4,90.01,6,27,3,3
132519,seed_0,CC(C)CC(CC(=O)NO)C(=O)NC(CC1=CNC2=CC=CC=C21)C(=O)NC,kinase_domain/data/phase2b/raw/phase2b_seed_0_132519.sdf,3d,388.47,1.5,5,4,123.32,9,28,2,2
30928,seed_0,CC(C)N(CCC(C1=CC=CC=C1)(C2=CC=CC=N2)C(=O)N)C(C)C.OP(=O)(O)O,kinase_domain/data/phase2b/raw/phase2b_seed_0_30928.sdf,2d,437.48,2.43,4,4,136.98,8,30,2,2
16095400,seed_0,CN1C=C(C(=N1)C(F)F)C(=O)NC2=CC=CC=C2C3=CC(=C(C(=C3)F)F)F,kinase_domain/data/phase2b/raw/phase2b_seed_0_16095400.sdf,3d,381.3,4.69,1,3,46.92,4,27,3,3
107805,seed_0,CN(C)CCNC(=O)C1=CC=CC2=CC3=CC=CC=C3N=C21,kinase_domain/data/phase2b/raw/phase2b_seed_0_107805.sdf,3d,293.37,2.68,1,3,45.23,4,22,3,3
153948,seed_0,C1C(=O)NC(=O)C12C(=O)N(C(=O)C3=CC=CN23)CC4=C(C=C(C=C4)Br)F,kinase_domain/data/phase2b/raw/phase2b_seed_0_153948.sdf,3d,420.19,1.31,1,5,88.48,2,26,4,2
9919680,seed_0,C1CC1NC(=O)C2=CN(C3=C(C2=O)C=CC=N3)C4=CC=CC(=C4)C#CC5=C[N+](=CC=C5)[O-],kinase_domain/data/phase2b/raw/phase2b_seed_0_9919680.sdf,3d,422.44,2.31,1,5,90.93,3,32,5,4
11689883,seed_0,CC1=NC=C(C=C1)NC(=O)NC2=CC=CC(=C2F)CN3CCN(CC3)C(=O)OC,kinase_domain/data/phase2b/raw/phase2b_seed_0_11689883.sdf,3d,401.44,3.06,2,5,86.8,4,29,3,2
59634741,seed_0,C1CC1CN2CCN(CC2)C(=O)C3=CC=C(C=C3)NS(=O)(=O)C4=CC=CC5=C4N=CC=C5,kinase_domain/data/phase2b/raw/phase2b_seed_0_59634741.sdf,3d,450.56,3.2,1,5,82.61,6,32,5,3
6914657,seed_0,C1CN(CCC1CCCCNC(=O)C=CC2=CN=CC=C2)C(=O)C3=CC=CC=C3,kinase_domain/data/phase2b/raw/phase2b_seed_0_6914657.sdf,3d,391.52,3.93,1,3,62.3,8,29,3,2
5496659,seed_0,CC(C(CC1=CC(=CC=C1)C(=N)N)C(=O)OC)NC(=O)C2=CC=C(C=C2)C3=CC=[N+](C=C3)[O-],kinase_domain/data/phase2b/raw/phase2b_seed_0_5496659.sdf,3d,446.51,2.42,3,5,132.21,8,33,3,3
11338033,seed_0,C1CNCCC1NC(=O)C2=C(C=NN2)NC(=O)C3=C(C=CC=C3Cl)Cl,kinase_domain/data/phase2b/raw/phase2b_seed_0_11338033.sdf,3d,382.25,2.45,4,4,98.91,4,25,3,2
71405,seed_0,CN1CCN(CC1)CC(=O)N2C3=CC=CC=C3C(=O)NC4=C2N=CC=C4.Cl.Cl,kinase_domain/data/phase2b/raw/phase2b_seed_0_71405.sdf,2d,424.33,2.4,1,5,68.78,2,28,4,2
4487,seed_0,CC1=C(C(=O)N(N1C)C2=CC=CC=C2)NC(=O)C3=CN=CC=C3,kinase_domain/data/phase2b/raw/phase2b_seed_0_4487.sdf,3d,308.34,2.13,1,5,68.92,3,23,3,3
5329106,seed_0,CC1=C(NC(=C1C(=O)NCCN2CCCC2)C)C=C3C4=C(C=CC(=C4)F)NC3=O,kinase_domain/data/phase2b/raw/phase2b_seed_0_5329106.sdf,3d,396.47,3.09,3,3,77.23,5,29,4,2
2396,seed_0,CN(C)CCCN1C=C(C2=CC=CC=C21)C3=C(C(=O)NC3=O)C4=CNC5=CC=CC=C54,kinase_domain/data/phase2b/raw/phase2b_seed_0_2396.sdf,3d,412.49,3.64,2,4,70.13,6,31,5,4
155907792,seed_0,CCCCN1C2=CC=CC=C2C(=N1)C(=O)NC(C(=O)N)C(C)(C)C,kinase_domain/data/phase2b/raw/phase2b_seed_0_155907792.sdf,3d,330.43,2.47,2,4,90.01,6,24,2,2
3510,seed_0,CN1C2CCCC1CC(C2)NC(=O)C3=NN(C4=CC=CC=C43)C,kinase_domain/data/phase2b/raw/phase2b_seed_0_3510.sdf,3d,312.42,2.32,1,4,50.16,2,23,4,2
68663,seed_0,C1CN2CC3=C(CC2CN1CCCC(=O)C4=CC=C(C=C4)F)C5=CC=CC=C5N3,kinase_domain/data/phase2b/raw/phase2b_seed_0_68663.sdf,3d,391.49,4.01,1,3,39.34,5,29,5,3
71535962,seed_0,CCC(=O)NC1CCCC2=C1C=NC=C2C3=CC4=C(C=C3)N(C(=O)CC4)C,kinase_domain/data/phase2b/raw/phase2b_seed_0_71535962.sdf,3d,363.46,3.56,1,3,62.3,3,27,4,2
3185,seed_0,CC1=NC(=CC=C1)CCN2CCC(CC2)C(=O)C3=CC=C(C=C3)NS(=O)(=O)C,kinase_domain/data/phase2b/raw/phase2b_seed_0_3185.sdf,3d,401.53,2.9,1,5,79.37,7,28,3,2
68254185,seed_0,CC1(C=CSC(=N1)N)C2=C(C=CC(=C2)NC(=O)C3=NC=C(C=C3)C#N)F,kinase_domain/data/phase2b/raw/phase2b_seed_0_68254185.sdf,3d,367.41,3.14,2,6,104.16,3,26,3,2
118873253,seed_0,CC1(CCN(CC1)C2=C(N=CC=C2)NC(=O)C3=NC(=CN=C3N)C4=C(C=CC=N4)C(F)(F)F)N,kinase_domain/data/phase2b/raw/phase2b_seed_0_118873253.sdf,3d,472.48,3.1,3,8,135.94,4,34,4,3
10090485,seed_0,CC1=NC(=CC=C1)C2=NN3CCCC3=C2C4=C5C=C(C=CC5=NC=C4)C(=O)N,kinase_domain/data/phase2b/raw/phase2b_seed_0_10090485.sdf,3d,369.43,3.51,1,5,86.69,3,28,5,4
11552706,seed_0,CC1=C(C=C(C=C1F)C(=O)NC2CC2)C3=NC=C(C=C3)C(=O)NCC(C)(C)C,kinase_domain/data/phase2b/raw/phase2b_seed_0_11552706.sdf,3d,383.47,3.86,2,3,71.09,5,28,3,2
15984937,seed_0,CC1CN(CCN1)CC2=CC=C(C=C2)CC(=O)N3CCC(CC3)NC4=CC(=CC=C4)F,kinase_domain/data/phase2b/raw/phase2b_seed_0_15984937.sdf,3d,424.56,3.27,2,4,47.61,6,31,4,2
50922681,seed_0,CC(C)CCNC1=C(C=CC=N1)C(=O)N2CCN(CC2)CC3=CC=CC=C3,kinase_domain/data/phase2b/raw/phase2b_seed_0_50922681.sdf,3d,366.51,3.5,1,4,48.47,7,27,3,2
51358113,seed_0,C1=CC(=CC(=C1)N2C(=O)C=CC3=CN=C4C=CC(=CC4=C32)C5=CN=C(C=C5)N)C(F)(F)F,kinase_domain/data/phase2b/raw/phase2b_seed_0_51358113.sdf,3d,432.41,5.2,1,5,73.8,2,32,5,5
9865384,seed_0,CC1=CN=C(C=C1)CNCC2(CCN(CC2)C(=O)C3=CC(=C(C=C3)F)Cl)F,kinase_domain/data/phase2b/raw/phase2b_seed_0_9865384.sdf,3d,393.86,3.92,1,3,45.23,5,27,3,2
11569967,seed_0,CC1=C(C=CC(=C1)NC2=NC=C(C(=N2)NC3C4CC(C3C(=O)N)C=C4)F)N5CCN(CC5)C,kinase_domain/data/phase2b/raw/phase2b_seed_0_11569967.sdf,3d,451.55,2.51,3,7,99.41,6,33,5,2
45139106,seed_0,CS(=O)(=O)O.C1CCC(C1)(C#N)C2=CC=C(C=C2)NC(=O)C3=C(N=CC=C3)NCC4=CC=NC=C4,kinase_domain/data/phase2b/raw/phase2b_seed_0_45139106.sdf,2d,493.59,4.18,3,7,145.07,6,35,4,3
46926973,seed_0,CC1=CC(=CN=C1C2=CC(=NC=C2)C)CC(=O)NC3=NC=C(C=C3)C4=NC=CN=C4,kinase_domain/data/phase2b/raw/phase2b_seed_0_46926973.sdf,3d,396.45,3.79,1,6,93.55,5,30,4,4
121293929,seed_0,CC#CC(=O)NC1CCCN(C1)C2=C(C=C(C3=C2C(=C(N3)C)C)C(=O)N)F,kinase_domain/data/phase2b/raw/phase2b_seed_0_121293929.sdf,3d,370.43,2.13,3,3,91.22,3,27,3,2
9939865,seed_0,CN1CCC(CC1)N2CCN(CC2)C(=O)C(C3=CC=CC=C3)NC(=O)C4=CC5=C(C=C4)C=CN5,kinase_domain/data/phase2b/raw/phase2b_seed_0_9939865.sdf,3d,459.59,2.88,2,4,71.68,5,34,5,3
12136798,seed_0,C1=CC(=CN=C1)C=CC(=O)NCC2=CC=C(C=C2)C(=O)NC3=C(C=C(C=C3)F)N,kinase_domain/data/phase2b/raw/phase2b_seed_0_12136798.sdf,3d,390.42,3.38,3,4,97.11,6,29,3,3
46181428,seed_0,C1CCC(C1)CC(C(=O)NC2=NC=C(C=C2)C(=O)O)N3C=C(N=C3)C(F)(F)F,kinase_domain/data/phase2b/raw/phase2b_seed_0_46181428.sdf,3d,396.37,3.76,2,5,97.11,6,28,3,2
9843744,seed_0,C1CN2C(=O)C(N=C(C3=CC(=CC1=C32)N)C4=CC=CC=C4)NC(=O)C5=CN=CC=C5,kinase_domain/data/phase2b/raw/phase2b_seed_0_9843744.sdf,3d,397.44,2.16,2,5,100.68,3,30,5,3
6433122,seed_0,C1CN(CCN1CCC2=CC=C(C=C2)F)C(=O)C3=CC=CC4=C3NC=C4C#N,kinase_domain/data/phase2b/raw/phase2b_seed_0_6433122.sdf,3d,376.44,3.18,1,3,63.13,4,28,4,3
9870520,seed_0,CC(C)(C)C(=O)CN1C2=CC=CC=C2C(=NC(C1=O)NC(=O)NC3=CC=CC(=C3)NC)C4=CC=CC=N4,kinase_domain/data/phase2b/raw/phase2b_seed_0_9870520.sdf,3d,498.59,4.07,3,6,115.79,6,37,4,3
10296883,seed_0,CN1CCN(CC1)C2=NC3=CC=CC=C3C(=N2)C4=C(C(=O)NC4=O)C5=CNC6=CC=CC=C65,kinase_domain/data/phase2b/raw/phase2b_seed_0_10296883.sdf,3d,438.49,2.43,2,6,94.22,3,33,6,4
11538455,seed_0,CN1C=C(C2=CC=CC=C21)CNCC3CCN(CC3)C4=NC=C(C=N4)C(=O)NO,kinase_domain/data/phase2b/raw/phase2b_seed_0_11538455.sdf,3d,394.48,2.09,3,7,95.31,6,29,4,3
71236992,seed_0,CC(C(=O)NC1C2=CC=CC=C2C3=C(N=CC=C3)N(C1=O)CCO)NC(=O)CCC(F)(F)F,kinase_domain/data/phase2b/raw/phase2b_seed_0_71236992.sdf,3d,464.44,2.09,3,5,111.63,7,33,3,2
2929,seed_0,C1=CC=C2C(=C1)C(=CN2CC3=CC=C(C=C3)Cl)C(=O)C(=O)NC4=CC=NC=C4,kinase_domain/data/phase2b/raw/phase2b_seed_0_2929.sdf,3d,389.84,4.56,1,4,63.99,5,28,4,4
49843471,seed_0,C1CN(CC2=C1N(C3=C2C=C(C=C3)F)CC(=O)O)C(=O)C4=CC=CC5=CC=CC=C54,kinase_domain/data/phase2b/raw/phase2b_seed_0_49843471.sdf,3d,402.43,4.22,1,3,62.54,3,30,5,4
71919,seed_0,CC(CCN1CCN(CC1)C2=CC=C(C=C2)F)NC(=O)C3=CN=CC=C3,kinase_domain/data/phase2b/raw/phase2b_seed_0_71919.sdf,3d,356.45,2.55,1,4,48.47,6,26,3,2
86274158,seed_0,CC(C)(C1=CC=CC=C1)NC(=O)C2=NN(C3=CC=CC=C32)CCCCCF,kinase_domain/data/phase2b/raw/phase2b_seed_0_86274158.sdf,3d,367.47,4.84,1,3,46.92,8,27,3,3
44206133,seed_0,CC(C)C(C(=O)N)NC(=O)C1=NN(C2=CC=CC=C21)CC3CCCCC3,kinase_domain/data/phase2b/raw/phase2b_seed_0_44206133.sdf,3d,356.47,2.86,2,4,90.01,6,26,3,2
5284566,seed_0,CN1C2CCCC1CC(C2)NC(=O)C3=NN(C4=CC=CC=C43)C,kinase_domain/data/phase2b/raw/phase2b_seed_0_5284566.sdf,3d,312.42,2.32,1,4,50.16,2,23,4,2
11688533,seed_0,CN1C=C(C(=N1)C(F)F)C(=O)NC2=CC=CC=C2C3CC3C4CC4,kinase_domain/data/phase2b/raw/phase2b_seed_0_11688533.sdf,3d,331.37,4.12,1,3,46.92,5,24,4,2
91885568,seed_0,CC1=CC(=C(N1C)C(=O)C(=O)NC2=CC=C(C=C2)N3CCN(CC3)C4=NC=C(C=N4)F)C5=CC=CC=C5,kinase_domain/data/phase2b/raw/phase2b_seed_0_91885568.sdf,3d,498.56,4.08,1,7,83.36,6,37,5,4
11167112,seed_0,CN1C(=O)C(=C(N=C1NCC(CC2=CC=CC=C2)N)C3=CC=NC=C3)C4=CC5=CC=CC=C5C=C4,kinase_domain/data/phase2b/raw/phase2b_seed_0_11167112.sdf,3d,461.57,4.64,2,6,85.83,7,35,5,5
60195662,seed_0,CC(C1=CC=C(C=C1)F)N(CC2=CC(=CC=C2)C(=O)O)C(=O)C3=CC4=CC=CC=C4N=C3,kinase_domain/data/phase2b/raw/phase2b_seed_0_60195662.sdf,3d,428.46,5.48,1,3,70.5,6,32,4,4
66571548,seed_0,CC(C)(CO)N1C=C(C2=CN=C(N=C21)N)C(=O)C3=CC(=CN=C3)NC(=O)CC4=NC=C(C=C4)Cl,kinase_domain/data/phase2b/raw/phase2b_seed_0_66571548.sdf,3d,479.93,2.6,3,9,148.91,7,34,4,4
129597835,seed_0,CC(C)(C)C(C(=O)OC)NC(=O)C1=CN(C2=CC=CC=C21)CCCCCF,kinase_domain/data/phase2b/raw/phase2b_seed_0_129597835.sdf,3d,376.47,4.1,1,4,60.33,8,27,2,2
5164,seed_0,C1CNCCC1N2C=NC(=C2C3=NC(=NC=C3)N)C4=CC=C(C=C4)F,kinase_domain/data/phase2b/raw/phase2b_seed_0_5164.sdf,3d,338.39,2.65,2,6,81.65,3,25,4,3
11493841,seed_0,CC1=CC(=CC=C1)NC2=NC(=NC=C2C(=O)N)NC3CCCCC3N,kinase_domain/data/phase2b/raw/phase2b_seed_0_11493841.sdf,3d,340.43,2.31,4,6,118.95,5,25,3,2
4030,seed_1,COC(=O)NC1=NC2=C(N1)C=C(C=C2)C(=O)C3=CC=CC=C3,kinase_domain/data/phase2b/raw/phase2b_seed_1_4030.sdf,3d,295.3,2.97,2,4,84.08,3,22,3,3
6918837,seed_1,CC1=C(C2=CC=CC=C2N1)CCNCC3=CC=C(C=C3)C=CC(=O)NO,kinase_domain/data/phase2b/raw/phase2b_seed_1_6918837.sdf,3d,349.43,3.33,4,3,77.15,7,26,3,3
54746,seed_1,CCNC(=O)N(CCCN(C)C)C(=O)C1CC2C(CC3=CNC4=CC=CC2=C34)N(C1)CC=C,kinase_domain/data/phase2b/raw/phase2b_seed_1_54746.sdf,3d,451.62,3.19,2,4,71.68,8,33,4,2
54739,seed_1,CC(C)C1(C(=O)NC(=N1)C2=NC3=CC=CC=C3C=C2C(=O)O)C,kinase_domain/data/phase2b/raw/phase2b_seed_1_54739.sdf,3d,311.34,2.22,2,4,91.65,3,23,3,2
108000,seed_1,CN1C=C(C2=CC=CC=C21)C(=O)C3CCC4=C(C3)NC=N4,kinase_domain/data/phase2b/raw/phase2b_seed_1_108000.sdf,3d,279.34,2.89,1,3,50.68,2,21,4,3
21608802,seed_1,CC(C)(C=C)C12CC3C(=O)NC(=CC4=CN=CN4)C(=O)N3C1NC5=CC=CC=C25,kinase_domain/data/phase2b/raw/phase2b_seed_1_21608802.sdf,3d,389.46,2.38,3,4,90.12,3,29,5,2
11494412,seed_1,C1CC2=C3C(=CC=C2)C(=CN3C1)C4C(C(=O)NC4=O)C5=CNC6=CC=CC=C65,kinase_domain/data/phase2b/raw/phase2b_seed_1_11494412.sdf,3d,369.42,3.59,2,3,66.89,2,28,6,4
25262792,seed_1,CC1COCCN1C2=NC(=NC3=C2C=CC(=N3)C4=CC(=CC=C4)C(=O)NC)N5CCOCC5C,kinase_domain/data/phase2b/raw/phase2b_seed_1_25262792.sdf,3d,462.55,2.5,1,8,92.71,4,34,5,3
107999,seed_1,CN1C=C(C2=CC=CC=C21)C(=O)C3CCC4=C(C3)NC=N4.Cl,kinase_domain/data/phase2b/raw/phase2b_seed_1_107999.sdf,2d,315.8,3.31,1,3,50.68,2,22,4,3
71245288,seed_1,CC1=CC(=C(C=C1N2C=C(N=C2)C3CC3)C(=O)NC4=CC=CC(=N4)C5=NN=CN5C(C)C)F,kinase_domain/data/phase2b/raw/phase2b_seed_1_71245288.sdf,3d,445.5,4.68,1,7,90.52,6,33,5,4
10298385,seed_1,CC1=C(C=CC(=C1)C(=O)N2CCCCC3=CC=CC=C32)CNC(=O)N4CCCC4C(=O)N(C)C,kinase_domain/data/phase2b/raw/phase2b_seed_1_10298385.sdf,3d,462.59,3.74,1,3,72.96,4,34,4,2
10409068,seed_1,CCCNC(=O)C1=CN2C(=C1C)C(=NC=N2)NC3=C(C=CC(=C3)C(=O)NC4CC4)C,kinase_domain/data/phase2b/raw/phase2b_seed_1_10409068.sdf,3d,406.49,3.12,3,6,100.42,7,30,4,3
135565545,seed_1,CN1C=C(C=N1)C2=C3C=NNC(=O)C4=C3C(=CC(=C4)NC(=O)C(C5CCCCC5)N)N2,kinase_domain/data/phase2b/raw/phase2b_seed_1_135565545.sdf,3d,419.49,2.49,4,6,130.19,4,31,5,3
5517,seed_1,C1CN(CC1N)C2=C(C=C3C(=O)C(=CN(C3=N2)C4=C(C=C(C=C4)F)F)C(=O)O)F,kinase_domain/data/phase2b/raw/phase2b_seed_1_5517.sdf,3d,404.35,2.04,2,6,101.45,3,29,4,3
11961293,seed_1,CC(C)C1=NC2=C(C=CC=C2N1)C(=O)NCC3CCN(CC3)CC4CCN(CC4)C(=O)OC,kinase_domain/data/phase2b/raw/phase2b_seed_1_11961293.sdf,3d,455.6,3.61,2,5,90.56,6,33,4,2
208947,seed_1,CC1=C2CCC(C(=O)N2C3=CC=CC=C13)CC4=C(NC=N4)C,kinase_domain/data/phase2b/raw/phase2b_seed_1_208947.sdf,3d,293.37,3.43,1,3,50.68,2,22,4,3
11315474,seed_1,C1CCC(C1)(C#N)C2=CC=C(C=C2)NC(=O)C3=C(N=CC=C3)NCC4=CC=NC=C4,kinase_domain/data/phase2b/raw/phase2b_seed_1_11315474.sdf,3d,397.48,4.68,2,5,90.7,6,30,4,3
59215954,seed_1,CC1=C(NC(=C1C(=O)NC2CCN(C2)C(=O)N(C)C)C)C=C3C4=C(C=CC(=C4)F)NC3=O,kinase_domain/data/phase2b/raw/phase2b_seed_1_59215954.sdf,3d,439.49,2.75,3,3,97.54,3,32,4,2
3501,seed_1,CN1C2=CC=CC=C2C3=C4C(=C5C6=CC=CC=C6N(C5=C31)CCC#N)CNC4=O,kinase_domain/data/phase2b/raw/phase2b_seed_1_3501.sdf,3d,378.44,4.6,1,4,62.75,2,29,6,5
132916,seed_1,C1CN2C(=O)C(N=C(C3=CC=CC1=C32)C4=CC=CC=C4F)NC(=O)C5=CC6=CC=CC=C6N5,kinase_domain/data/phase2b/raw/phase2b_seed_1_132916.sdf,3d,438.46,3.8,2,3,77.56,3,33,6,4
10138259,seed_1,CC1=C(NC(=C1C(=O)NCC(CN2CCOCC2)O)C)C=C3C4=C(C=CC(=C4)F)NC3=O,kinase_domain/data/phase2b/raw/phase2b_seed_1_10138259.sdf,3d,442.49,1.69,4,5,106.69,6,32,4,2
71059525,seed_1,CC1=C(N=C(N1)NC(=O)C2=C(N=CC(=C2)CNC(=O)C(C)C)C(F)F)C3=CC=C(C=C3)C(F)(F)F,kinase_domain/data/phase2b/raw/phase2b_seed_1_71059525.sdf,3d,495.45,5.26,3,4,99.77,7,35,3,3
118480924,seed_1,CC1=CN=C(N1)C2=C3C(=C(C=C2)C4=C(C=C(C=C4)NC(=O)NC5=C(C=C(C=C5F)F)F)F)CNC3=O,kinase_domain/data/phase2b/raw/phase2b_seed_1_118480924.sdf,3d,495.44,5.5,4,3,98.91,4,36,5,4
155586901,seed_1,CCC1=CC2=C(C=C(C=N2)CN3CCN(CC3)C4=CN=C(C=C4)C(=O)NC)NC1=O,kinase_domain/data/phase2b/raw/phase2b_seed_1_155586901.sdf,3d,406.49,1.56,2,6,94.22,5,30,4,3
16662431,seed_1,CCN(CC)CCN1CCC2=C(C1=O)C(=C(N2)C=C3C4=C(C=CC(=C4)F)NC3=O)C,kinase_domain/data/phase2b/raw/phase2b_seed_1_16662431.sdf,3d,410.49,3.3,2,3,68.44,6,30,4,2
23649245,seed_1,CCC(C1=CC=CC=C1)NC(=O)C2=C(C(=NC3=CC=CC=C32)C4=CC=CC=C4)NS(=O)(=O)C,kinase_domain/data/phase2b/raw/phase2b_seed_1_23649245.sdf,3d,459.57,5.15,2,4,88.16,7,33,4,4
44623946,seed_1,CC1=C(C=CC(=C1)C(=O)N)N2C(=CC=C2C3=CC=C(C=C3)N4C=CN=C4)CCC(=O)O,kinase_domain/data/phase2b/raw/phase2b_seed_1_44623946.sdf,3d,414.47,3.75,2,5,103.14,7,31,4,4
52934180,seed_1,CC1=NC2=C(N1)C=C(C=C2)C(=O)N3CCC4(CC3)CC5=C(C(=O)C4)N(N=C5)C(C)C,kinase_domain/data/phase2b/raw/phase2b_seed_1_52934180.sdf,3d,405.5,3.7,1,5,83.88,2,30,5,3
9839190,seed_1,CNCC1=CC=C(C=C1)NC(=O)C2=CNC3=C2C(=O)CCC3,kinase_domain/data/phase2b/raw/phase2b_seed_1_9839190.sdf,3d,297.36,2.51,3,3,73.99,4,22,3,2
9865514,seed_1,CC1=CC2=C3C(=C1)C(=NC(C(=O)N3CC2)NC(=O)C4=CC=NC=C4)C5=CC=CC=C5,kinase_domain/data/phase2b/raw/phase2b_seed_1_9865514.sdf,3d,396.45,2.89,1,4,74.66,3,30,5,3
129532613,seed_1,CC(C)(C1=CC=CC=C1)NC(=O)C2=CN(C3=C2C=CC=N3)CCCCCF,kinase_domain/data/phase2b/raw/phase2b_seed_1_129532613.sdf,3d,367.47,4.84,1,3,46.92,8,27,3,3
2403,seed_1,CN1C=C(C2=CC=CC=C21)C3=C(C(=O)NC3=O)C4=CN(C5=CC=CC=C54)CCCN,kinase_domain/data/phase2b/raw/phase2b_seed_1_2403.sdf,3d,398.47,3.05,2,5,82.05,5,30,5,4
71301472,seed_1,CCCCCN1C2=CC=CC=C2C(=N1)C(=O)NC(C(C)C)C(=O)N,kinase_domain/data/phase2b/raw/phase2b_seed_1_71301472.sdf,3d,330.43,2.47,2,4,90.01,8,24,2,2
72346,seed_1,CC(C)NC1=C(N=CC=C1)N2CCN(CC2)C(=O)C3=CC4=CC=CC=C4N3,kinase_domain/data/phase2b/raw/phase2b_seed_1_72346.sdf,3d,363.47,3.35,2,4,64.26,4,27,4,3
99652,seed_1,CNC1=CC=CC=C1C(=O)N2CCC3=C(C2=O)NC4=CC=CC=C34,kinase_domain/data/phase2b/raw/phase2b_seed_1_99652.sdf,3d,319.36,3.05,2,3,65.2,2,24,4,3
71234,seed_1,CC(CNC(=O)C1=CN=CC=C1)NC(=O)C2=CN=CC=C2,kinase_domain/data/phase2b/raw/phase2b_seed_1_71234.sdf,3d,284.32,1.02,2,4,83.98,5,21,2,2
86567422,seed_1,CCCCCN1C2=CC=CC=C2C(=N1)C(=O)NC(C(C)C)C(=O)N,kinase_domain/data/phase2b/raw/phase2b_seed_1_86567422.sdf,3d,330.43,2.47,2,4,90.01,8,24,2,2
10433653,seed_1,CCN1CCC(CC1)NC2=CC3=C(C=C2)NC(=O)C3=C(C4=CC(=CC=C4)F)C5=NC=C(N5)C,kinase_domain/data/phase2b/raw/phase2b_seed_1_10433653.sdf,3d,445.54,4.66,3,4,73.05,5,33,5,3
11338127,seed_1,CC1=C(C=C(C=C1)C(=O)NC2CC2)N3C(=C(C=N3)C(=O)C4=CC=CC(=C4)C#N)N,kinase_domain/data/phase2b/raw/phase2b_seed_1_11338127.sdf,3d,385.43,2.76,2,6,113.8,5,29,4,3
9864291,seed_1,CCC1=CC=CC(=C1CNC2=CC(=CN3C2=NC(=C3C)C)C(=O)N)C,kinase_domain/data/phase2b/raw/phase2b_seed_1_9864291.sdf,3d,336.44,3.53,2,4,72.42,5,25,3,3
9826322,seed_1,CC(C1=CC2=C(C=C1)N(C(=N2)CNC3=CC=C(C=C3)C(=N)N)C)(C(=O)N4CCCC4)NCC(=O)O,kinase_domain/data/phase2b/raw/phase2b_seed_1_9826322.sdf,3d,477.57,1.98,5,7,149.36,9,35,4,3
9951066,seed_1,CC1=C(C(=CC=C1)C)CNC2=CC(=CN3C2=NC(=C3C)C)C(=O)NCCO,kinase_domain/data/phase2b/raw/phase2b_seed_1_9951066.sdf,3d,366.47,2.9,3,5,78.66,6,27,3,3
11373432,seed_1,CC1=C(C=C(C=C1)C(=O)NC2CC2)N3C=NC4=C(C3=O)C=C(C=C4)N5CCN(CC5)C,kinase_domain/data/phase2b/raw/phase2b_seed_1_11373432.sdf,3d,417.51,2.34,1,6,70.47,4,31,5,3
11507964,seed_1,CC(C1=CC=C(C=C1)C(=O)NC2=C3C=CNC3=NC=C2)N.Cl,kinase_domain/data/phase2b/raw/phase2b_seed_1_11507964.sdf,2d,316.79,3.26,3,3,83.8,3,22,3,3
11618268,seed_1,CC(C1=NC2=C(C=C(C=C2)F)C(=O)N1C3=CC=CC=C3)NC4=NC=NC5=C4NC=N5,kinase_domain/data/phase2b/raw/phase2b_seed_1_11618268.sdf,3d,401.41,3.36,2,7,101.38,4,30,5,5
44370579,seed_1,C1C2=C(C=CN2C(S1)C3=CN=CC=C3)C(=O)NC4=CC=CC(=C4)C(=O)C5=CC=CC=C5,kinase_domain/data/phase2b/raw/phase2b_seed_1_44370579.sdf,3d,425.51,5.16,1,5,63.99,5,31,5,4
44519124,seed_1,CC(C)NCCN1C2=C(C=C(C=C2)C(=O)C)C3=C1C=CC(=C3)C(=O)C,kinase_domain/data/phase2b/raw/phase2b_seed_1_44519124.sdf,3d,336.44,4.2,1,4,51.1,6,25,3,3
44603362,seed_1,CC1(CN(C1)C(=O)C2=CC=C(C=C2)C3=CC=CC4=NC(=NN43)NC(=O)C5CC5)C,kinase_domain/data/phase2b/raw/phase2b_seed_1_44603362.sdf,3d,389.46,3.23,1,5,79.6,4,29,5,3
53252276,seed_1,CN1C=C(C=N1)C2=NC(=C(C3=C2C(=O)NC3)F)NC4CCCCC4N,kinase_domain/data/phase2b/raw/phase2b_seed_1_53252276.sdf,3d,344.39,1.55,3,6,97.86,3,25,4,2
56935577,seed_1,CCN(CC)CCNC(=O)C1=C(NC2=C1CCCC2=C3C4=C(C=CC(=C4)F)NC3=O)C,kinase_domain/data/phase2b/raw/phase2b_seed_1_56935577.sdf,3d,424.52,3.73,3,3,77.23,6,31,4,2
57662985,seed_1,CC1=C(C=C(C=C1)CNC)NC(=O)C2=CC=C(C=C2)NC3=NC4=CC=CC=C4C(=N3)C5=CC=CC=C5,kinase_domain/data/phase2b/raw/phase2b_seed_1_57662985.sdf,3d,473.58,6.32,3,5,78.94,7,36,5,5
67223373,seed_1,C1CC2C(CC3=C2C=C(C=C3)C#N)N(C1)C(=O)C4=CC5=C(C=C4)N=CN5,kinase_domain/data/phase2b/raw/phase2b_seed_1_67223373.sdf,3d,342.4,3.38,1,3,72.78,1,26,5,3
67454400,seed_1,C1C(CC1(CNC2=NC=C(C=N2)N3C=CC(=C3)C(=O)N)C4=C(C=CC=N4)F)F,kinase_domain/data/phase2b/raw/phase2b_seed_1_67454400.sdf,3d,384.39,2.38,2,6,98.72,6,28,4,3
122685543,seed_1,CC1=CC2=C(C=CC=C2N1C3=NC4=C(CCCN4)C(=N3)NCC5=CC=CC=C5)C(=O)N,kinase_domain/data/phase2b/raw/phase2b_seed_1_122685543.sdf,3d,412.5,3.8,3,6,97.86,5,31,5,4
163557606,seed_1,CCC(C1=C2CN(C(=O)C2=CC(=N1)N3CCCC3C)C4=CC=CC(=N4)C5=NN=C6N5C(CC6)C)N,kinase_domain/data/phase2b/raw/phase2b_seed_1_163557606.sdf,3d,472.6,3.8,1,8,106.06,5,35,6,3
9888211,seed_1,C1CN(CC=C1C2=CNC3=C2C=C(C=C3)F)CCCCN4C(=O)C5=CC=CC=C5C4=O,kinase_domain/data/phase2b/raw/phase2b_seed_1_9888211.sdf,3d,417.48,4.47,1,3,56.41,6,31,5,3
46901383,seed_1,C1CCC(CC1)NC2=NC=CC(=C2)C3=NC(=CC(=C3)C(=O)N)N4CCNCC4,kinase_domain/data/phase2b/raw/phase2b_seed_1_46901383.sdf,3d,380.5,2.4,3,6,96.17,5,28,4,2
56646218,seed_1,C1CCN(C1)C2=C(C=C(C=C2)C3=NC(=NC=C3)NC4=CC5=C(C=C4)NC(=O)C5)C#N,kinase_domain/data/phase2b/raw/phase2b_seed_1_56646218.sdf,3d,396.45,3.85,2,6,93.94,4,30,5,3
9925908,seed_1,CCCN1CCC(CC1)C2=NC3=C(C=CC=C3N2)C(=O)N,kinase_domain/data/phase2b/raw/phase2b_seed_1_9925908.sdf,3d,286.38,2.25,2,3,75.01,4,21,3,2
49850262,seed_1,CN1CCC2=C(C1)C3=CC=CC=C3N2CC4=CC=C(C=C4)C(=O)NO,kinase_domain/data/phase2b/raw/phase2b_seed_1_49850262.sdf,3d,335.41,2.8,2,4,57.5,3,25,4,3
5282421,seed_1,CCN(CC)C(=O)NC1CN(C2CC3=CNC4=CC=CC(=C34)C2=C1)C.C(=CC(=O)O)C(=O)O,kinase_domain/data/phase2b/raw/phase2b_seed_1_5282421.sdf,2d,454.53,2.55,4,4,125.97,5,33,4,2
128784,seed_1,CCCN1C2=C(C(=O)N(C1=O)CCC)NC(=N2)C3=CC=CC=C3,kinase_domain/data/phase2b/raw/phase2b_seed_1_128784.sdf,3d,312.37,2.37,1,5,72.68,5,23,3,3
135566764,seed_1,CC(C1=CC=CC=C1)NC(=O)CCC2=NC3=CC=CC=C3C(=O)N2,kinase_domain/data/phase2b/raw/phase2b_seed_1_135566764.sdf,3d,321.38,2.73,2,3,74.85,5,24,3,3
65906,seed_2,CN(C1CCN(CC1)C2=NC3=CC=CC=C3N2CC4=CC=C(C=C4)F)C5=NC=CC(=O)N5,kinase_domain/data/phase2b/raw/phase2b_seed_2_65906.sdf,3d,432.5,3.41,1,6,70.05,5,32,5,4
35802,seed_2,COC(=O)NC1=NC2=C(N1)C=C(C=C2)C(=O)C3=CC=C(C=C3)F,kinase_domain/data/phase2b/raw/phase2b_seed_2_35802.sdf,3d,313.29,3.11,2,4,84.08,3,23,3,3
216210,seed_2,CN1C2=C(C=C(C=C2)C(=O)N(CCC(=O)O)C3=CC=CC=N3)N=C1CNC4=CC=C(C=C4)C(=N)N,kinase_domain/data/phase2b/raw/phase2b_seed_2_216210.sdf,3d,471.52,2.99,4,7,150.22,9,35,4,4
25145656,seed_2,CNC(=O)C1=C(C=C(C=C1)C2=NN3C(=CN=C3N=C2)CC4=CC5=C(C=C4)N=CC=C5)F,kinase_domain/data/phase2b/raw/phase2b_seed_2_25145656.sdf,3d,412.43,3.43,1,6,85.07,4,31,5,5
135398510,seed_2,CN1CCN(CC1)C2=CC3=C(C=C2)N=C(N3)C4=C(C5=C(C=CC=C5F)NC4=O)N,kinase_domain/data/phase2b/raw/phase2b_seed_2_135398510.sdf,3d,392.44,2.54,3,5,94.04,2,29,5,4
132016492,seed_2,C1CC12C3=C(C=C(C=C3)F)N(C2=O)CC4=NC5=C(N4CCCC(F)(F)F)C=CC(=C5)CN,kinase_domain/data/phase2b/raw/phase2b_seed_2_132016492.sdf,3d,446.45,4.56,1,4,64.15,6,32,5,3
66555680,seed_2,CC1=NC2=C(N1)C=C(C=C2)N3C(=C(C=N3)C(=O)C4=CC5=CC=CC=C5N4)N,kinase_domain/data/phase2b/raw/phase2b_seed_2_66555680.sdf,3d,356.39,3.35,3,5,105.38,3,27,5,5
2387,seed_2,C1=CC2=C(C=C1C(=N)N)NC(=N2)CC3=NC4=C(N3)C=C(C=C4)C(=N)N,kinase_domain/data/phase2b/raw/phase2b_seed_2_2387.sdf,3d,332.37,1.6,6,4,157.1,4,25,4,4
53346507,seed_2,CC1=CC2=C(C=C1C3=CC(=CC=C3)C(=O)C)N=C(N=C2N)N,kinase_domain/data/phase2b/raw/phase2b_seed_2_53346507.sdf,3d,292.34,2.97,2,5,94.89,2,22,3,3
16071896,seed_2,C1CC1C(=O)NC2=CN=C(C(=N2)C3=CN=CC=C3)C4=C(C=NC=C4)F,kinase_domain/data/phase2b/raw/phase2b_seed_2_16071896.sdf,3d,335.34,3.09,1,5,80.66,4,25,4,3
49857317,seed_2,C1C2C(C2NCC3=NC4=C(C=C3)C=C(C=C4)F)CN1C5=NC=C(C=N5)C(=O)NO,kinase_domain/data/phase2b/raw/phase2b_seed_2_49857317.sdf,3d,394.41,1.51,3,7,103.27,5,29,5,3
58111426,seed_2,CC1=CSC2=NC(=C(C(=O)N12)C3=CC(=CC=C3)F)C(C)NC4=NC=NC5=C4NC=N5,kinase_domain/data/phase2b/raw/phase2b_seed_2_58111426.sdf,3d,421.46,3.71,2,8,100.86,4,30,5,5
71666749,seed_2,CC(C(C1=NC2=C(N1)C=C(C=C2)C(C)(C)C)N)C(=O)N,kinase_domain/data/phase2b/raw/phase2b_seed_2_71666749.sdf,3d,274.37,1.98,3,3,97.79,3,20,2,2
447682,seed_2,C1=CC=C2C(=C1)C(=C3N2C4=CC=CC=C4C(=O)N3)CC(=O)O,kinase_domain/data/phase2b/raw/phase2b_seed_2_447682.sdf,3d,292.29,2.56,2,3,74.57,2,22,4,4
720149,seed_2,CC1=NC(=CC=C1)NC(=O)C2=CC(=CC=C2)C(=O)NC3=CC=CC(=N3)C,kinase_domain/data/phase2b/raw/phase2b_seed_2_720149.sdf,3d,346.39,3.6,2,4,83.98,4,26,3,3
10292573,seed_2,CCNCCNC(=O)C1=C(NC(=C1C)C=C2C3=C(C=CC(=C3)F)NC2=O)C,kinase_domain/data/phase2b/raw/phase2b_seed_2_10292573.sdf,3d,370.43,2.6,4,3,86.02,6,27,3,2
25061501,seed_2,CCC1=CNC2=C1C(=NC=N2)N3CCC(C3)(CNC(=O)C4=C(C=C(C=C4)F)F)N,kinase_domain/data/phase2b/raw/phase2b_seed_2_25061501.sdf,3d,400.43,2.14,3,5,99.93,5,29,4,3
11539025,seed_2,CC(C)(C)CN1C2=C(C=CC(=N2)C3=C(N=C(N3)C(C)(C)C)C4=CC=C(C=C4)F)N=C1N,kinase_domain/data/phase2b/raw/phase2b_seed_2_11539025.sdf,3d,420.54,5.55,2,5,85.41,3,31,4,4
25116064,seed_2,CC1=C(NC2=C1C(=O)N(CCC2)CC(CN3CCOCC3)O)C=C4C5=C(C=CC(=C5)F)NC4=O,kinase_domain/data/phase2b/raw/phase2b_seed_2_25116064.sdf,3d,468.53,2.04,3,5,97.9,5,34,5,2
1282,seed_2,C1=CC=C2C(=C1)NC(=N2)CC3=NC4=C(N3)C=C(C=C4)C(=N)N,kinase_domain/data/phase2b/raw/phase2b_seed_2_1282.sdf,3d,290.33,2.31,4,3,107.23,3,22,4,4
454726,seed_2,CC(C)NC1=C(N=CC=C1)N2CCN(CC2)C(=O)C3=CC4=C(N3)C=C(C=C4)C#N,kinase_domain/data/phase2b/raw/phase2b_seed_2_454726.sdf,3d,388.48,3.22,2,5,88.05,4,29,4,3
454727,seed_2,CC(C)NC1=C(N=CC=C1)N2CCN(CC2)C(=O)C3=CC4=C(N3)C=C(C=C4)C=O,kinase_domain/data/phase2b/raw/phase2b_seed_2_454727.sdf,3d,391.48,3.16,2,5,81.33,5,29,4,3
454735,seed_2,CC(C)NC1=C(N=CC=C1)N2CCN(CC2)C(=O)C3=CC4=C(N3)C=CC(=C4)N(C)S(=O)(=O)C,kinase_domain/data/phase2b/raw/phase2b_seed_2_454735.sdf,3d,470.6,2.74,2,6,101.64,6,33,4,3
15991573,seed_2,CC1=C(C=C(C=C1)C(=O)NC2=CC=CC(=C2)C(F)(F)F)C3=CC4=CN=C(N=C4C=C3)N,kinase_domain/data/phase2b/raw/phase2b_seed_2_15991573.sdf,3d,422.41,5.46,2,4,80.9,3,31,4,4
453217,seed_2,CCNC1=C(N=CC=C1)N2CCN(CC2)C(=O)C3=CC4=CC=CC=C4N3,kinase_domain/data/phase2b/raw/phase2b_seed_2_453217.sdf,3d,349.44,2.96,2,4,64.26,4,26,4,3
462960,seed_2,CN(C1CCN(CC1)C(=O)C2=CC3=C(N2)C=CC(=C3)NS(=O)(=O)C)C4=C(C=CC=N4)NCC5CC5,kinase_domain/data/phase2b/raw/phase2b_seed_2_462960.sdf,3d,496.64,3.5,3,6,110.43,8,35,5,3
462961,seed_2,CN(C1CCN(CC1)C(=O)C2=CC3=C(N2)C=CC(=C3)NS(=O)(=O)C)C4=C(C=CC=N4)NC5CC5,kinase_domain/data/phase2b/raw/phase2b_seed_2_462961.sdf,3d,482.61,3.25,3,6,110.43,7,34,5,3
462972,seed_2,CCNC1=C(N=CC=C1)N(C2CCN(CC2)C(=O)C3=CC4=C(N3)C=CC(=C4)NS(=O)(=O)C)C(C)C,kinase_domain/data/phase2b/raw/phase2b_seed_2_462972.sdf,3d,498.65,3.89,3,6,110.43,8,35,4,3
462973,seed_2,CCCNC1=C(N=CC=C1)N(CC)C2CCN(CC2)C(=O)C3=CC4=C(N3)C=CC(=C4)NS(=O)(=O)C,kinase_domain/data/phase2b/raw/phase2b_seed_2_462973.sdf,3d,498.65,3.89,3,6,110.43,9,35,4,3
72188645,seed_2,CC1=CC(=NC(=N1)C2CCC3(N2)CCN(C3=O)C)C4=CC=C(C=C4)C(F)(F)F,kinase_domain/data/phase2b/raw/phase2b_seed_2_72188645.sdf,3d,390.41,3.5,1,4,58.12,2,28,4,2
75593308,seed_2,CC1=C(NN=C1C(=O)NC2=CN=C3C(=C2)C=C(N3)C4=CC=CC=C4)C,kinase_domain/data/phase2b/raw/phase2b_seed_2_75593308.sdf,3d,331.38,3.82,3,3,86.46,3,25,4,4
129989,seed_2,CCN(CC)CCCCC1CCN(CC1)CC(=O)N2C3=CC=CC=C3C(=O)NC4=C2N=CC=C4,kinase_domain/data/phase2b/raw/phase2b_seed_2_129989.sdf,3d,463.63,4.54,1,5,68.78,9,34,4,2
6918877,seed_2,C1CCN(C1)CCN2C3=C(C=C(C=C3)C=CC(=O)NO)N=C2CCC4=CC=CC=C4,kinase_domain/data/phase2b/raw/phase2b_seed_2_6918877.sdf,3d,404.51,3.44,2,5,70.39,8,30,4,3
9840076,seed_2,CN(C)CC1=CC=C(C=C1)C2=NC3=CC=CC4=C3N2CCNC4=O,kinase_domain/data/phase2b/raw/phase2b_seed_2_9840076.sdf,3d,320.4,2.51,1,4,50.16,3,24,4,3
9908783,seed_2,CC1=C2C(=CC=C1)N=C(N(C2=O)C3=CC=CC=C3C)CN4C=NC5=C(N=CN=C54)N,kinase_domain/data/phase2b/raw/phase2b_seed_2_9908783.sdf,3d,397.44,2.77,1,8,104.51,3,30,5,5
25195091,seed_2,C1CC1C(C2=CC=CC=C2)NC(=O)C3=C(C(=NC4=CC=CC=C43)C5=CC(=CC=C5)F)N,kinase_domain/data/phase2b/raw/phase2b_seed_2_25195091.sdf,3d,411.48,5.5,2,3,68.01,5,31,5,4
44483163,seed_2,C1C2C=CC1C3C2C(=O)N(C3=O)C4=CC=C(C=C4)C(=O)NC5=CC=CC6=C5N=CC=C6,kinase_domain/data/phase2b/raw/phase2b_seed_2_44483163.sdf,3d,409.45,3.8,1,4,79.37,3,31,6,3
135564899,seed_2,CC1CN(CC1C2=NC3=C(C=NN3C4CCCC4)C(=O)N2)CC5=CC6=NC=CN=C6C=C5,kinase_domain/data/phase2b/raw/phase2b_seed_2_135564899.sdf,3d,429.53,3.41,1,7,92.59,4,32,6,4
16034840,seed_2,CC1=C(NC(=C1C(=O)NCCN2CCCC2)C)C=C3C4=C(C=CC(=C4)F)NC3=O.OP(=O)(O)O,kinase_domain/data/phase2b/raw/phase2b_seed_2_16034840.sdf,2d,494.46,2.16,6,4,154.99,5,34,4,2
11675244,seed_2,C1=CC=C2C=C(C=CC2=C1)C(=O)NC(CC3=NC4=C(N3)C=C(C=C4)F)C(=O)O,kinase_domain/data/phase2b/raw/phase2b_seed_2_11675244.sdf,3d,377.38,3.28,3,3,95.08,5,28,4,4
11676119,seed_2,CC1=NC(=CC=C1)C2=C(N=C(N2)CC3=CC(=CC=C3)C(=O)N)C4=CC5=NC=CN=C5C=C4,kinase_domain/data/phase2b/raw/phase2b_seed_2_11676119.sdf,3d,420.48,4.08,2,5,110.44,5,32,5,5
24858111,seed_2,CC1=CC(=NC(=N1)N)NC2=CC=C(C=C2)NC(=O)C3=CC=C(C=C3)NC4=CC=NC5=CC=CC=C54,kinase_domain/data/phase2b/raw/phase2b_seed_2_24858111.sdf,3d,461.53,5.65,4,7,117.85,6,35,5,5
25209788,seed_2,CC1=C(C2=CC=CC=C2N1)C3=C(C(=O)N(C3=O)C)NCCC4=CC=C(C=C4)F,kinase_domain/data/phase2b/raw/phase2b_seed_2_25209788.sdf,3d,377.42,3.16,2,3,65.2,5,28,4,3
138578805,seed_2,CC1=C(N=C2N1C=CC(=C2)C(=O)N3CCCC(C3)N)C4=CC5=CC=CC=C5N4CC6=CC=C(C=C6)F,kinase_domain/data/phase2b/raw/phase2b_seed_2_138578805.sdf,3d,481.58,5.02,1,5,68.56,4,36,6,5
3749366,seed_2,C1=CC=C2C(=C1)NC(=N2)CC(=O)C3=CC=C(C=C3)[N+](=O)[O-],kinase_domain/data/phase2b/raw/phase2b_seed_2_3749366.sdf,3d,281.27,2.9,1,4,88.89,4,21,3,3
10089772,seed_2,CC1C2=NC3=CC=CC=C3C(=O)N2C(C(=O)N1)CC4=CNC5=CC=CC=C54,kinase_domain/data/phase2b/raw/phase2b_seed_2_10089772.sdf,3d,358.4,2.85,2,4,79.78,2,27,5,4
11430418,seed_2,C1CCC2=C(C1)C(=O)N(C(=N2)CCCCN3CCN(CC3)C4=NC5=CC=CC=C5C=C4)N,kinase_domain/data/phase2b/raw/phase2b_seed_2_11430418.sdf,3d,432.57,2.53,1,7,80.28,6,32,5,3
11221549,seed_2,CC1=C(NC(=C1C(=O)NCCN)C)C=C2C3=C(C=CC(=C3)F)NC2=O,kinase_domain/data/phase2b/raw/phase2b_seed_2_11221549.sdf,3d,342.37,1.95,4,3,100.01,4,25,3,2
146395245,seed_2,CC1=C2C(=C(C=C1)F)C=C(N2)C(=O)NC3CCCC(C3)N4CCN(CC4)C(=O)C,kinase_domain/data/phase2b/raw/phase2b_seed_2_146395245.sdf,3d,400.5,2.82,2,3,68.44,3,29,4,2
164938183,seed_2,CC(C)N1C=NC(=C1C2=NC=C(N2)C(=O)NC3=CC=C(C=C3)N4CCN(CC4)C)C5=CC=C(C=C5)F,kinase_domain/data/phase2b/raw/phase2b_seed_2_164938183.sdf,3d,487.58,4.66,2,6,82.08,6,36,5,4
453391,seed_2,CC(C)NC1=C(N=CC=C1)N2CCN(CC2)C(=O)C3=CC4=C(N3)C=C(C=C4)F,kinase_domain/data/phase2b/raw/phase2b_seed_2_453391.sdf,3d,381.46,3.48,2,4,64.26,4,28,4,3
454729,seed_2,CC(C)NC1=C(N=CC=C1)N2CCN(CC2)C(=O)C3=CC4=C(N3)C=CC(=C4)NC(=O)OC,kinase_domain/data/phase2b/raw/phase2b_seed_2_454729.sdf,3d,436.52,3.52,3,6,102.59,5,32,4,3
454730,seed_2,CC(C)NC1=C(N=CC=C1)N2CCN(CC2)C(=O)C3=CC4=C(N3)C=CC(=C4)NC(=O)C(F)(F)F,kinase_domain/data/phase2b/raw/phase2b_seed_2_454730.sdf,3d,474.49,3.85,3,5,93.36,5,34,4,3
454732,seed_2,CC(C)NC1=C(N=CC=C1)N2CCN(CC2)C(=O)C3=CC4=C(N3)C=C(C=C4)NS(=O)(=O)C,kinase_domain/data/phase2b/raw/phase2b_seed_2_454732.sdf,3d,456.57,2.72,3,6,110.43,6,32,4,3
462952,seed_2,CC(C)NC1=C(N=CC=C1)N(C)C2CCN(CC2)C(=O)C3=CC4=CC=CC=C4N3,kinase_domain/data/phase2b/raw/phase2b_seed_2_462952.sdf,3d,391.52,4.12,2,4,64.26,5,29,4,3
466848,seed_2,CCN1C2=C(C=CC=N2)C(=O)N(C3=C1N=C(C=C3)C4=CNC5=C4C=CN=C5)C,kinase_domain/data/phase2b/raw/phase2b_seed_2_466848.sdf,3d,370.42,3.77,1,5,78.01,2,28,5,4
438569,seed_2,CN(C)CCNC1=C2C3=C(C=C1)N=CN3C4=CC=CC=C4C2=O,kinase_domain/data/phase2b/raw/phase2b_seed_2_438569.sdf,3d,306.37,2.41,1,5,49.64,4,23,4,4
462958,seed_2,CC(C)(C)NC1=C(N=CC=C1)N(C)C2CCN(CC2)C(=O)C3=CC4=C(N3)C=CC(=C4)NS(=O)(=O)C,kinase_domain/data/phase2b/raw/phase2b_seed_2_462958.sdf,3d,498.65,3.89,3,6,110.43,6,35,4,3
5329105,seed_2,CC1=C(NC(=C1C(=O)NCCN(C)C)C)C=C2C3=C(C=CC(=C3)F)NC2=O,kinase_domain/data/phase2b/raw/phase2b_seed_2_5329105.sdf,3d,370.43,2.55,3,3,77.23,5,27,3,2
9995195,seed_2,CC1=CC(=CC=C1)NC2=NC=NC3=C2C=C(C=C3)NC(=O)C=C,kinase_domain/data/phase2b/raw/phase2b_seed_2_9995195.sdf,3d,304.35,3.81,2,4,66.91,4,23,3,3
10163627,seed_2,CC1=NC2=CC=CC=C2N1CC3=CC=C(C=C3)C(=O)NC4CN(CC4C(=O)NO)C(=O)OC(C)(C)C,kinase_domain/data/phase2b/raw/phase2b_seed_2_10163627.sdf,3d,493.56,2.86,3,7,125.79,5,36,4,3
10273657,seed_2,CC(C)C1=NC2=CC=CC=C2N1CC3=CC=C(C=C3)C(=O)NC4CCCC4C(=O)NO,kinase_domain/data/phase2b/raw/phase2b_seed_2_10273657.sdf,3d,420.51,3.61,3,5,96.25,6,31,4,3
11357740,seed_2,CC(C)C1CNC(=O)C2=C1NC(=C2)C3=NC(=NC=C3)N,kinase_domain/data/phase2b/raw/phase2b_seed_2_11357740.sdf,3d,271.32,1.54,3,4,96.69,2,20,3,2
11518031,seed_2,CC1=C(C=C(C=C1)C(=O)NC2=CC=CC(=C2)C(F)(F)F)NC3=C(C=CC=N3)C4=NC=NC=C4,kinase_domain/data/phase2b/raw/phase2b_seed_2_11518031.sdf,3d,449.44,5.86,2,5,79.8,5,33,4,4
11625929,seed_2,CC1=C(C=C(C=C1)C(=O)NC2=CC=CC(=C2)C(F)(F)F)C#CC3=CC4=C(N=C3)N=CN4,kinase_domain/data/phase2b/raw/phase2b_seed_2_11625929.sdf,3d,420.39,4.94,2,3,70.67,2,31,4,4
11675054,seed_2,CC1=NC=C(N1C(C)C)C2=NC(=NC=C2)NC3=CC(=C(C=C3)C(=O)NC)F,kinase_domain/data/phase2b/raw/phase2b_seed_2_11675054.sdf,3d,368.42,3.47,2,6,84.73,5,27,3,3
16086088,seed_2,CC1=C(C=C(C=C1)C(=O)NC2=CC=CC(=C2)C(F)(F)F)C3=CC4=CN=C(N=C4C=C3)NC,kinase_domain/data/phase2b/raw/phase2b_seed_2_16086088.sdf,3d,436.44,5.92,2,4,66.91,4,32,4,4
16219401,seed_2,CN1C=C(C2=CC=CC=C21)C=C3C4=C(C=CC=N4)NC3=O,kinase_domain/data/phase2b/raw/phase2b_seed_2_16219401.sdf,3d,275.31,3.07,1,3,46.92,1,21,4,3
16739265,seed_2,C1CN(CCC1N2C3=CC=CC=C3NC2=O)CCNC(=O)C4=CC5=C(N4)C=CC(=C5)F,kinase_domain/data/phase2b/raw/phase2b_seed_2_16739265.sdf,3d,421.48,3.02,3,4,85.92,5,31,5,4
18549509,seed_2,C1=CC(=CC(=C1)N2C(=CC(=N2)C(F)(F)F)C(=O)NC3=CC=C(C=C3)N4C=CN=C4)C(=N)N,kinase_domain/data/phase2b/raw/phase2b_seed_2_18549509.sdf,3d,439.4,3.61,3,6,114.61,5,32,4,4
23644671,seed_2,CC1=NN(C(=C1)C(=O)NC2=CC=C(C=C2)N3C=NC4=CC=CC=C43)C5=CC=CC(=C5)C(=N)N,kinase_domain/data/phase2b/raw/phase2b_seed_2_23644671.sdf,3d,435.49,4.06,3,6,114.61,5,33,5,5
25138148,seed_2,CC1=C(C=C(C=C1)NC(=O)C2=CC(=CC=C2)C(F)(F)F)C3=CC4=CN=C(N=C4C=C3)N,kinase_domain/data/phase2b/raw/phase2b_seed_2_25138148.sdf,3d,422.41,5.46,2,4,80.9,3,31,4,4
25190738,seed_2,C1CCC(C1)N2CCCC(CC2)C3=NC4=C(C=CC=C4N3)C(=O)N,kinase_domain/data/phase2b/raw/phase2b_seed_2_25190738.sdf,3d,326.44,3.17,2,3,75.01,3,24,4,2
25218593,seed_2,CCCN1CCC=C(C1)C2=CC(=C(C=C2)NC3=NC4=C(C=CN4)C(=N3)NC5=CC=CC=C5C(=O)N)C,kinase_domain/data/phase2b/raw/phase2b_seed_2_25218593.sdf,3d,481.6,5.35,4,6,111.96,8,36,5,4
46927297,seed_2,CC1=CC(=CN=C1C2=CC(=NC=C2)F)CC(=O)NC3=NC=C(C=C3)N4CCN(CC4)C(=O)C,kinase_domain/data/phase2b/raw/phase2b_seed_2_46927297.sdf,3d,448.5,2.84,1,6,91.32,5,33,4,3
49872646,seed_2,CC(C1=NC2=C(C=C(C=C2)F)C(=C1C3=CC=CC=C3)C(=O)N4CCNCC4)NC5=NC=NC(=C5C#N)N,kinase_domain/data/phase2b/raw/phase2b_seed_2_49872646.sdf,3d,496.55,3.5,3,8,132.85,5,37,5,4
51033482,seed_2,CN1C(=C(C=N1)C(=O)N(C)C)C(=O)NC2=CC3=NC(=CN3C=C2)C4=CC=CC=C4,kinase_domain/data/phase2b/raw/phase2b_seed_2_51033482.sdf,3d,388.43,2.69,1,6,84.53,4,29,4,4
53246941,seed_2,CC1CCNC(=O)C2=CC3=C(N12)C=C(C=C3)C(=O)NC4=NC5=CC=CC=C5N4CCCN(C)C,kinase_domain/data/phase2b/raw/phase2b_seed_2_53246941.sdf,3d,458.57,3.89,2,6,84.19,6,34,5,4
53329353,seed_2,CN1C(=CC(=N1)C2=NC3=CC=CC=C3C=C2)NC(=O)C4=C(C=CC(=N4)C5CC5)NC6=CN=CN=C6,kinase_domain/data/phase2b/raw/phase2b_seed_2_53329353.sdf,3d,462.52,4.69,2,8,110.51,6,35,6,5
57378228,seed_2,CC#CCN1C2=C(N=C1N3CCCC(C3)N)N4CCN=C4N(C2=O)CC5=NC6=CC=CC=C6C(=N5)C,kinase_domain/data/phase2b/raw/phase2b_seed_2_57378228.sdf,3d,483.58,1.92,1,9,108.77,4,36,6,3
58548152,seed_2,CN(C)C(=O)C1=C(C=CC=C1F)NC(=O)C2=NC(=CN=C2NC3=CN=CN=C3)C4CC4,kinase_domain/data/phase2b/raw/phase2b_seed_2_58548152.sdf,3d,421.44,2.98,2,7,113.0,6,31,4,3
58548190,seed_2,CC(C)(CNC(=O)C1=C(C=C(C=C1)F)NC(=O)C2=NC(=CN=C2NC3=CN=CN=C3)C4CC4)O,kinase_domain/data/phase2b/raw/phase2b_seed_2_58548190.sdf,3d,465.49,2.78,4,8,142.02,8,34,4,3
58548219,seed_2,C1CN(C1)C(=O)C2=C(C=C(C=C2)F)NC(=O)C3=NC(=CN=C3NC4=CN=CN=C4)C5CC5,kinase_domain/data/phase2b/raw/phase2b_seed_2_58548219.sdf,3d,433.45,3.12,2,7,113.0,6,32,5,3
443884,seed_3,CC(CO)NC(=O)C1CN(C2CC3=CNC4=CC=CC(=C34)C2=C1)C,kinase_domain/data/phase2b/raw/phase2b_seed_3_443884.sdf,3d,325.41,1.53,3,3,68.36,3,24,4,2
23897,seed_3,CCC1=C(NC2=C1C(=O)C(CC2)CN3CCOCC3)C,kinase_domain/data/phase2b/raw/phase2b_seed_3_23897.sdf,3d,276.38,1.96,1,3,45.33,3,20,3,1
9883259,seed_3,CCC1=C(NC2=C1C(=O)C(CC2)CN3CCOCC3)C.Cl,kinase_domain/data/phase2b/raw/phase2b_seed_3_9883259.sdf,2d,312.84,2.38,1,3,45.33,3,21,3,1
49806720,seed_3,CCC1=CC2=C(C=C1N3CCC(CC3)N4CCOCC4)C(C5=C(C2=O)C6=C(N5)C=C(C=C6)C#N)(C)C,kinase_domain/data/phase2b/raw/phase2b_seed_3_49806720.sdf,3d,482.63,4.77,1,5,72.36,3,36,6,3
25166913,seed_3,CN1CCC(CC1C2=NC3=CC=CC=C3N2)NC(=O)NC4=CC=C(C=C4)C#N,kinase_domain/data/phase2b/raw/phase2b_seed_3_25166913.sdf,3d,374.45,3.39,3,4,96.84,3,28,4,3
57404063,seed_3,CCCCCN1C2=CC=CC=C2C(=N1)C(=O)NC34CC5CC(C3)CC(C5)C4,kinase_domain/data/phase2b/raw/phase2b_seed_3_57404063.sdf,3d,365.52,4.93,1,3,46.92,6,27,6,2
2040,seed_3,CC1=CC=CC=C1N2C(=NC3=C(C2=O)C=C(C=C3)N)CF,kinase_domain/data/phase2b/raw/phase2b_seed_3_2040.sdf,3d,283.31,2.75,1,4,60.91,2,21,3,3
102710,seed_3,CC(CC1=CC=CC=C1)NCCN2C=NC3=C2C(=O)N(C(=O)N3C)C.Cl,kinase_domain/data/phase2b/raw/phase2b_seed_3_102710.sdf,2d,377.88,1.08,1,7,73.85,6,26,3,3
5458190,seed_3,CCC1=CC2CC3(C1N(C2)CCC4=C3NC5=CC=CC=C45)C(=O)OC,kinase_domain/data/phase2b/raw/phase2b_seed_3_5458190.sdf,3d,336.44,3.18,1,3,45.33,2,25,6,2
10026128,seed_3,CC(C)OC(=O)C1=CN(CC(C2=C1NC3=CC=CC=C32)(C)C)C(=O)C4=CC(=C(C=C4)F)F,kinase_domain/data/phase2b/raw/phase2b_seed_3_10026128.sdf,3d,438.47,5.17,1,3,62.4,3,32,4,3
168182,seed_3,CC(C)C(C(=O)NC(CC1=CNC2=CC=CC=C21)C(=O)O)N,kinase_domain/data/phase2b/raw/phase2b_seed_3_168182.sdf,3d,303.36,1.26,4,3,108.21,6,22,2,2
1150897,seed_3,CC(C)C1=CC=C(C=C1)NC(=O)CN2C=NC3=C2C(=O)N(C(=O)N3C)C,kinase_domain/data/phase2b/raw/phase2b_seed_3_1150897.sdf,3d,355.4,1.2,1,7,90.92,4,26,3,3
9934283,seed_3,CC1=NN(C(=C1)C(=O)NC2=C(C=CC(=C2)NC3=CC4=C(C=C3)C(=NN4)C=CC5=CC=CC=N5)F)C,kinase_domain/data/phase2b/raw/phase2b_seed_3_9934283.sdf,3d,467.51,5.31,3,6,100.52,6,35,5,5
11950726,seed_3,CC12CCC3C(C1CCC2C(=O)NCC4=NC5=C(N4)C=CC=N5)CCC6C3(C=C(C(=O)N6C)F)C,kinase_domain/data/phase2b/raw/phase2b_seed_3_11950726.sdf,3d,479.6,4.13,2,4,90.98,3,35,6,2
44814409,seed_3,CC1CC(CC(C1)N)C2=C(C=NC=C2)NC(=O)C3=NC(=C(C=C3)F)C4=C(C=CC=C4F)F,kinase_domain/data/phase2b/raw/phase2b_seed_3_44814409.sdf,3d,440.47,5.04,2,4,80.9,4,32,4,3
70817911,seed_3,C1CC(C1)(C2=CC=C(C=C2)C3=C(N4C(=N3)C=CC(=N4)C(=O)N)C5=CC=CC=C5)N,kinase_domain/data/phase2b/raw/phase2b_seed_3_70817911.sdf,3d,383.46,3.5,2,5,99.3,4,29,5,4
86269224,seed_3,CC(C)N1CCN(CC1)C2=CN=C(C=C2)NC3=NC=C4C=C5C(=O)NCC6(N5C4=N3)CCCCC6,kinase_domain/data/phase2b/raw/phase2b_seed_3_86269224.sdf,3d,474.61,3.5,2,8,91.21,4,35,6,3
135565981,seed_3,C1C2=CC=CC=C2CN1CC3=NC4=NNC(=O)C5=C4C(=CC=C5)N3,kinase_domain/data/phase2b/raw/phase2b_seed_3_135565981.sdf,3d,317.35,2.39,2,5,73.38,2,24,5,3
16718576,seed_3,CC1(CC2=CN=C(N=C2C3=C1C(=NN3C)C(=O)NC)NC4=CC=C(C=C4)N5CCN(CC5)C)C,kinase_domain/data/phase2b/raw/phase2b_seed_3_16718576.sdf,3d,460.59,2.57,2,8,91.21,4,34,5,3
46188928,seed_4,C1CC(N(C1)C2=NC3=C(C=NN3C=C2)NC(=O)N4CCC(C4)O)C5=C(C=CC(=C5)F)F,kinase_domain/data/phase2b/raw/phase2b_seed_4_46188928.sdf,3d,428.44,2.95,2,6,86.0,3,31,5,3
56649450,seed_4,CC1=C(SC(=N1)NC(=O)N2CCCC2C(=O)N)C3=CC(=NC=C3)C(C)(C)C(F)(F)F,kinase_domain/data/phase2b/raw/phase2b_seed_4_56649450.sdf,3d,441.48,3.84,2,5,101.21,4,30,3,2
135908617,seed_4,C1COCCC1N2C3=C(C=N2)C(=O)NC(=N3)CC4=CC=CC=N4,kinase_domain/data/phase2b/raw/phase2b_seed_4_135908617.sdf,3d,311.35,1.46,1,6,85.69,3,23,4,3
121408882,seed_4,CC1(C2=C(C=C(S2)C3=NC(=NC=C3)NC4=CC=NN4C)C(=O)N1CCN5CCOCC5)C,kinase_domain/data/phase2b/raw/phase2b_seed_4_121408882.sdf,3d,453.57,2.71,1,9,88.41,6,32,5,3
11270783,seed_4,CCCN1C(=O)C2=C(N=C(N2)C3=CN(N=C3)CC4=CC(=CC=C4)C(F)(F)F)N(C1=O)CC,kinase_domain/data/phase2b/raw/phase2b_seed_4_11270783.sdf,3d,446.43,3.25,1,7,90.5,6,32,4,4
129116690,seed_4,CC1=CN=C(N=C1C2=CN3CC(N(C(=O)C3=N2)CC4=CC(=C(C=C4)F)F)COC)NC5=CC=NN5C,kinase_domain/data/phase2b/raw/phase2b_seed_4_129116690.sdf,3d,494.51,3.07,1,9,102.99,7,36,5,4
46209426,seed_4,C1=CC=C(C=C1)CNC(=O)C2=CSC(=N2)NC3=NC=NC=C3,kinase_domain/data/phase2b/raw/phase2b_seed_4_46209426.sdf,3d,311.37,2.61,2,6,79.8,5,22,3,3
15980109,seed_4,C1COCCN1C2=CC(=NC=C2)NC3=NC=C(S3)C4=CC(=CN=C4)C(=O)NCCN,kinase_domain/data/phase2b/raw/phase2b_seed_4_15980109.sdf,3d,425.52,1.87,3,9,118.29,7,30,4,3
21911645,seed_4,CC1=C(C(=CC=C1)C)NC(=O)C2=CN=C(S2)NC3=NN=CC=C3,kinase_domain/data/phase2b/raw/phase2b_seed_4_21911645.sdf,3d,325.4,3.55,2,6,79.8,4,23,3,3
51002052,seed_4,C1CC(CN(C1)C2=C(C=NC=C2)NC(=O)C3=CSC(=N3)C4=C(C=CC=C4F)F)N,kinase_domain/data/phase2b/raw/phase2b_seed_4_51002052.sdf,3d,415.47,3.66,2,6,84.14,4,29,4,3
51034710,seed_4,CN1C(=C(C=N1)C(=O)N2CCOCC2)C(=O)NC3=CC4=NC(=CN4C=C3)C5=CC=CC=C5,kinase_domain/data/phase2b/raw/phase2b_seed_4_51034710.sdf,3d,430.47,2.46,1,7,93.76,4,32,5,4
53482602,seed_4,CN1C(=C(C=N1)NC(=O)C2=C(SC(=N2)C3=C(C=CC=C3F)F)N)N4CCCC(CC4)N,kinase_domain/data/phase2b/raw/phase2b_seed_4_53482602.sdf,3d,447.52,2.97,3,8,115.09,4,31,4,3
57377630,seed_4,CN1C(=C(C=N1)C(=O)N2CC(C2)F)C(=O)NC3=CC4=NC(=NN4C=C3)C5=CC=CC=C5,kinase_domain/data/phase2b/raw/phase2b_seed_4_57377630.sdf,3d,419.42,2.18,1,7,97.42,4,31,5,4
57377741,seed_4,CN1C(=C(C=N1)C(=O)N2CCC2)C(=O)NC3=CC4=NC(=NN4C=C3F)C5=CC=CC=C5,kinase_domain/data/phase2b/raw/phase2b_seed_4_57377741.sdf,3d,419.42,2.37,1,7,97.42,4,31,5,4
57861407,seed_4,CCOCCN1C=C(C=CC1=O)C(=O)NC2=NC=C(C=C2)N3C(=CC(=N3)C4=CN=CC=C4)C(F)(F)F,kinase_domain/data/phase2b/raw/phase2b_seed_4_57861407.sdf,3d,498.47,3.8,1,8,103.93,8,36,4,4
71288606,seed_4,CN1C(=C(C=N1)C(=O)N2CCC2)C(=O)NCCC3=NC(=NN3C4=CN=CC=C4)C5=CC=CC=C5,kinase_domain/data/phase2b/raw/phase2b_seed_4_71288606.sdf,3d,456.51,1.88,1,8,110.83,7,34,5,4
71288682,seed_4,CN1C(=C(C=N1)C(=O)N2CCC2)C(=O)NCCC3=NC(=NN3C4=CC=CC=C4)C5=CC(=CC=C5)F,kinase_domain/data/phase2b/raw/phase2b_seed_4_71288682.sdf,3d,473.51,2.63,1,7,97.94,7,35,5,4
71288719,seed_4,CN1C(=C(C=N1)C(=O)N2CCC2)C(=O)NCCC3=NC(=NN3C4=CC=CC=N4)C5=CC=CC=C5,kinase_domain/data/phase2b/raw/phase2b_seed_4_71288719.sdf,3d,456.51,1.88,1,8,110.83,7,34,5,4
73603034,seed_4,CN1C(=C(C=N1)NC(=O)C2=C(SC(=N2)C3=C(C=CC=C3F)F)N)N4CCC(C(CC4)F)N,kinase_domain/data/phase2b/raw/phase2b_seed_4_73603034.sdf,3d,465.51,2.92,3,8,115.09,4,32,4,3
25113172,seed_4,CC1=CC(=CC(=C1)NC2=NC=CC(=N2)C3=NC(=C(S3)C(=O)NC(C)CO)C)C,kinase_domain/data/phase2b/raw/phase2b_seed_4_25113172.sdf,3d,397.5,3.38,3,7,100.03,6,28,3,3
25255436,seed_4,CC1=NN(C2=C1C=C(S2)C(=O)NC3=CN=C(C=C3)N4CCC(CC4)O)C5CCCCC5,kinase_domain/data/phase2b/raw/phase2b_seed_4_25255436.sdf,3d,439.59,4.52,2,7,83.28,4,31,5,3
11774068,seed_4,CCN1C(=O)C2=C(NC1=O)N=C(N2)C3=CN(N=C3)CC4=CC(=CC=C4)C(F)(F)F,kinase_domain/data/phase2b/raw/phase2b_seed_4_11774068.sdf,3d,404.35,2.36,2,6,101.36,4,29,4,4
25263292,seed_4,CC(=O)NCCNC1=NC2=C(C3=C1N=CN3C)N=C(S2)C4=CC=C(C=C4)F,kinase_domain/data/phase2b/raw/phase2b_seed_4_25263292.sdf,3d,384.44,2.93,2,7,84.73,5,27,4,4
46927949,seed_4,CC1=CSC(=N1)C(C)(C2=NN=C(S2)NC3=NN(C=C3)CC4=C(C=CC=C4F)F)O,kinase_domain/data/phase2b/raw/phase2b_seed_4_46927949.sdf,3d,434.5,3.83,2,9,88.75,6,29,4,4
56932125,seed_4,C1CN(CCN1CC(=O)N2CCOCC2)C3=CC(=NC=C3)NC4=NC=C(S4)C5=CN=CC=C5,kinase_domain/data/phase2b/raw/phase2b_seed_4_56932125.sdf,3d,465.58,2.32,1,9,86.72,6,33,5,3
57378176,seed_4,CN1C(=C(C=N1)C(=O)N(C)CC(F)(F)F)C(=O)NC2=CC3=NC(=NN3C=C2)N4CCOCC4,kinase_domain/data/phase2b/raw/phase2b_seed_4_57378176.sdf,3d,466.42,1.19,1,9,109.89,5,33,4,3
57964129,seed_4,C1CC1S(=O)(=O)C2=CC=CC3=C2C=NN3C(CC4CCOCC4)C(=O)NC5=NC=C(S5)F,kinase_domain/data/phase2b/raw/phase2b_seed_4_57964129.sdf,3d,478.57,3.56,1,8,103.18,7,32,5,3
59332218,seed_4,C1CN(CCN1)C2=CC=CC=C2NC(=O)C3=CSC(=N3)N4C5=CC=CC=C5C=N4,kinase_domain/data/phase2b/raw/phase2b_seed_4_59332218.sdf,3d,404.5,3.14,2,7,75.08,4,29,5,4
67775470,seed_4,CN1C(=C(C=N1)C(=O)N2CC(C2)OC)C(=O)NC3=CC4=NC(=NN4C=C3)C5=CC(=CC=C5)F,kinase_domain/data/phase2b/raw/phase2b_seed_4_67775470.sdf,3d,449.45,1.99,1,8,106.65,5,33,5,4
67776704,seed_4,CN1C(=C(C=N1)C(=O)N2CCC2)C(=O)NC3=CC4=NC(=NN4C=C3)C5=CC(=CC=C5)F,kinase_domain/data/phase2b/raw/phase2b_seed_4_67776704.sdf,3d,419.42,2.37,1,7,97.42,4,31,5,4
69936421,seed_4,CNC(=O)C1=C(N(N=C1)C)C(=O)NC2=NC3=NC(=CN3C=C2)C4=CC(=CC=C4)F,kinase_domain/data/phase2b/raw/phase2b_seed_4_69936421.sdf,3d,393.38,1.88,2,7,106.21,4,29,4,4
71262654,seed_4,C1CNCC1OC2=C(C=NC=C2)NC(=O)C3=CSC(=N3)C4=C(C=CC=C4F)F,kinase_domain/data/phase2b/raw/phase2b_seed_4_71262654.sdf,3d,402.43,3.48,2,6,76.14,5,28,4,3
71288492,seed_4,CN1C(=C(C=N1)C(=O)N2CCC2)C(=O)NCCC3=NC(=NN3CCOC)C4=CC=CC=C4,kinase_domain/data/phase2b/raw/phase2b_seed_4_71288492.sdf,3d,437.5,1.14,1,8,107.17,9,32,4,3
71288502,seed_4,CN1C(=C(C=N1)C(=O)N2CCC2)C(=O)NCCC3=NC(=NN3CC(F)(F)F)C4=CC=CC=C4,kinase_domain/data/phase2b/raw/phase2b_seed_4_71288502.sdf,3d,461.45,2.06,1,7,97.94,7,33,4,3
71288531,seed_4,CN1C(=C(C=N1)C(=O)N2CCC2)C(=O)NCCC3=NC(=CN3CCOC)C4=CC=CC=C4,kinase_domain/data/phase2b/raw/phase2b_seed_4_71288531.sdf,3d,436.52,1.75,1,7,94.28,9,32,4,3
71288554,seed_4,CN1C=C(N=C1CCNC(=O)C2=C(C=NN2C)C(=O)N(C)C3CCCC3)C4=CC=CC=C4,kinase_domain/data/phase2b/raw/phase2b_seed_4_71288554.sdf,3d,434.54,2.81,1,6,85.05,7,32,4,3
71288555,seed_4,CN1C=C(N=C1CCNC(=O)C2=C(C=NN2C)C(=O)N(C)C3CCC3)C4=CC=CC=C4,kinase_domain/data/phase2b/raw/phase2b_seed_4_71288555.sdf,3d,420.52,2.42,1,6,85.05,7,31,4,3
71288591,seed_4,CN1C(=C(C=N1)C(=O)N2CCC2)C(=O)NCCC3=NC(=NN3CC4CC4)C5=CC=CC=C5,kinase_domain/data/phase2b/raw/phase2b_seed_4_71288591.sdf,3d,433.52,1.91,1,7,97.94,8,32,5,3
71288645,seed_4,CN1C=C(N=C1CCNC(=O)C2=C(C=NN2C)C(=O)N3CCC3)C4=CC=CC=C4,kinase_domain/data/phase2b/raw/phase2b_seed_4_71288645.sdf,3d,392.46,1.64,1,6,85.05,6,29,4,3
71288679,seed_4,CN1C(=C(C=N1)C(=O)N2CCC2)C(=O)NCCC3=NC(=NN3CC4=CC=CC=C4)C5=CC=CC=C5,kinase_domain/data/phase2b/raw/phase2b_seed_4_71288679.sdf,3d,469.55,2.55,1,7,97.94,8,35,5,4
71288717,seed_4,CN1C(=C(C=N1)C(=O)N2CCC2)C(=O)NCCC3=NC(=NN3C4CC4)C5=CC=CC=C5,kinase_domain/data/phase2b/raw/phase2b_seed_4_71288717.sdf,3d,419.49,1.83,1,7,97.94,7,31,5,3
71538688,seed_4,CCN(CC)C1=NN2C=C(C=CC2=N1)NC(=O)C3=C(C=NN3C)C(=O)N4CCOCC4,kinase_domain/data/phase2b/raw/phase2b_seed_4_71538688.sdf,3d,426.48,1.03,1,9,109.89,6,31,4,3
87382935,seed_4,CN1C(=C(C=N1)C(=O)N(C)CCOCCF)C(=O)NC2=NC3=NC(=CN3C=C2)C4=CC=CC=C4,kinase_domain/data/phase2b/raw/phase2b_seed_4_87382935.sdf,3d,465.49,2.44,1,8,106.65,9,34,4,4
156155310,seed_4,CC1=C(C=C2C=NN(C2=N1)C3=CSC(=C3)C(=O)NC4COC4)NC5=C(C=CC=C5Cl)F,kinase_domain/data/phase2b/raw/phase2b_seed_4_156155310.sdf,3d,457.92,4.46,2,7,81.07,5,31,5,4
53482332,seed_4,CN1C(=C(C=N1)NC(=O)C2=C(SC(=N2)C3=CC=CC=C3F)N)N4CCCC(C4)N,kinase_domain/data/phase2b/raw/phase2b_seed_4_53482332.sdf,3d,415.5,2.44,3,8,115.09,4,29,4,3
118034890,seed_4,CN(C1CCCC1NC2=NC3=C(S2)C=C(C=C3)F)C(=O)C4=CC=CC=C4N5C=CC=N5,kinase_domain/data/phase2b/raw/phase2b_seed_4_118034890.sdf,3d,435.53,4.73,1,6,63.05,5,31,5,4
118034891,seed_4,CN(C1CCCC1NC2=NC3=C(S2)C=C(C=C3)F)C(=O)C4=C(C=CC(=C4)F)N5N=CC=N5,kinase_domain/data/phase2b/raw/phase2b_seed_4_118034891.sdf,3d,454.51,4.26,1,7,75.94,5,32,5,4
998879,seed_4,CC1=C(C=C(C=C1)C2=C(SC(=N2)NC(=O)C3=NN(C=C3[N+](=O)[O-])C)C)C,kinase_domain/data/phase2b/raw/phase2b_seed_4_998879.sdf,3d,371.42,3.63,1,7,102.95,4,26,3,3
9822488,seed_4,CN1C2=C(C(=O)N(C1=O)C)NC(=N2)C3=CN(N=C3)CC4=CC(=CC=C4)C(F)(F)F,kinase_domain/data/phase2b/raw/phase2b_seed_4_9822488.sdf,3d,404.35,1.89,1,7,90.5,3,29,4,4
15980347,seed_4,CNCCNC(=O)C1=CN=CC(=C1)C2=CN=C(S2)NC3=NC=CC(=C3)N4CCOCC4,kinase_domain/data/phase2b/raw/phase2b_seed_4_15980347.sdf,3d,439.55,2.13,3,9,104.3,8,31,4,3
24965291,seed_4,CC1CCN(CCN1C(=O)C2=CC=CC=C2N3N=CC=N3)C4=NC(=C5C(=CSC5=N4)C)N,kinase_domain/data/phase2b/raw/phase2b_seed_4_24965291.sdf,3d,448.56,2.9,1,9,106.06,3,32,5,4
24996879,seed_4,C1CC2(CCC1CNC3=NC(=CS3)C4=CC=CC=N4)CN(C(=O)O2)C5=CC=CC=N5,kinase_domain/data/phase2b/raw/phase2b_seed_4_24996879.sdf,3d,421.53,4.6,1,7,80.24,5,30,5,3
25260758,seed_4,CNC(=O)NC1=CC=C(C=C1)C2=NC3=C(C=NN3C4CCC(=O)CC4)C(=N2)N5CC6CCC(C5)O6,kinase_domain/data/phase2b/raw/phase2b_seed_4_25260758.sdf,3d,475.55,3.3,2,8,114.27,4,35,6,3
25261227,seed_4,CNC(=O)NC1=CC=C(C=C1)C2=NC3=C(C=NN3CC(F)(F)F)C(=N2)N4CC5CCC(C4)O5,kinase_domain/data/phase2b/raw/phase2b_seed_4_25261227.sdf,3d,461.45,3.17,2,7,97.2,4,33,5,3
25261388,seed_4,C1CC2CN(CC1O2)C3=NC(=NC4=C3C=NN4CC(F)(F)F)C5=CC=C(C=C5)NC(=O)NCCF,kinase_domain/data/phase2b/raw/phase2b_seed_4_25261388.sdf,3d,493.47,3.51,2,7,97.2,6,35,5,3
25262616,seed_4,CCN1C2=C(C=N1)C(=NC(=N2)C3=CC=C(C=C3)NC(=O)NC)N4CC5CCC(C4)O5,kinase_domain/data/phase2b/raw/phase2b_seed_4_25262616.sdf,3d,407.48,2.63,2,7,97.2,4,30,5,3
25262617,seed_4,CCNC(=O)NC1=CC=C(C=C1)C2=NC3=C(C=NN3CC)C(=N2)N4CC5CCC(C4)O5,kinase_domain/data/phase2b/raw/phase2b_seed_4_25262617.sdf,3d,421.51,3.02,2,7,97.2,5,31,5,3
25262782,seed_4,CCN1C2=C(C=N1)C(=NC(=N2)C3=CC=C(C=C3)NC(=O)NC4=CC=CC=C4)N5CC6CCC(C5)O6,kinase_domain/data/phase2b/raw/phase2b_seed_4_25262782.sdf,3d,469.55,4.52,2,7,97.2,5,35,6,4
25262783,seed_4,CCN1C2=C(C=N1)C(=NC(=N2)C3=CC=C(C=C3)NC(=O)NC4=CN=CC=C4)N5CC6CCC(C5)O6,kinase_domain/data/phase2b/raw/phase2b_seed_4_25262783.sdf,3d,470.54,3.92,2,8,110.09,5,35,6,4
44199470,seed_4,C1CC(CN(C1)C2=C(C=NC=C2)NC(=O)C3=C(SC(=N3)C4=C(C=CC=C4F)F)N)N,kinase_domain/data/phase2b/raw/phase2b_seed_4_44199470.sdf,3d,430.48,3.25,3,7,110.16,4,30,4,3
44217530,seed_4,CC1CC(CN(C1)C2=C(C=NC=C2)NC(=O)C3=CSC(=N3)C4=C(C=CC=C4F)F)N,kinase_domain/data/phase2b/raw/phase2b_seed_4_44217530.sdf,3d,429.5,3.91,2,6,84.14,4,30,4,3
45482952,seed_4,CNC(=O)NC1=CC=C(C=C1)C2=NC3=C(C=NN3CC(F)(F)F)C(=N2)N4C5CCC4COC5,kinase_domain/data/phase2b/raw/phase2b_seed_4_45482952.sdf,3d,461.45,3.17,2,7,97.2,4,33,5,3
45488032,seed_4,CCN1C2=C(C=N1)C(=NC(=N2)C3=CC=C(C=C3)NC(=O)NC4=CC=C(C=C4)CN)N5CC6CCC(C5)O6,kinase_domain/data/phase2b/raw/phase2b_seed_4_45488032.sdf,3d,498.59,3.98,3,8,123.22,6,37,6,4
45488066,seed_4,CCN1C2=C(C=N1)C(=NC(=N2)C3=CC=C(C=C3)NC(=O)NC4=CN=C(C=C4)NC)N5CC6CCC(C5)O6,kinase_domain/data/phase2b/raw/phase2b_seed_4_45488066.sdf,3d,499.58,3.96,3,9,122.12,6,37,6,4
46227572,seed_4,C1CC2CN(CC1O2)C3=NC(=NC4=C3SC=C4)C5=CC=C(C=C5)NC(=O)NC6=CN=CC=C6,kinase_domain/data/phase2b/raw/phase2b_seed_4_46227572.sdf,3d,458.55,4.76,2,7,92.27,4,33,6,4
46232643,seed_4,CC(C)N1C2=C(C=N1)C(=NC(=N2)C3=CC=C(C=C3)NC(=O)NC)N4CC5CCC(C4)O5,kinase_domain/data/phase2b/raw/phase2b_seed_4_46232643.sdf,3d,421.51,3.19,2,7,97.2,4,31,5,3
53482665,seed_4,CN1C(=C(C=N1)NC(=O)C2=CSC(=N2)C3=C(C=CC=C3F)F)N4CCCC(CC4)N,kinase_domain/data/phase2b/raw/phase2b_seed_4_53482665.sdf,3d,432.5,3.39,2,7,89.07,4,30,4,3
53482785,seed_4,CN1C(=C(C=N1)NC(=O)C2=C(SC(=N2)C3=C(C=CC=C3F)F)N)N4CCCNCC4,kinase_domain/data/phase2b/raw/phase2b_seed_4_53482785.sdf,3d,433.49,2.46,3,8,101.1,4,30,4,3
53482960,seed_4,CN1C(=C(C=N1)NC(=O)C2=C(SC(=N2)C3=C(C=CC=C3F)F)N)N4CCCC(CC4)O,kinase_domain/data/phase2b/raw/phase2b_seed_4_53482960.sdf,3d,448.5,3.01,3,8,109.3,4,31,4,3
54582835,seed_4,CC(C1=CC=C(C=C1)N2C=CC=N2)NC(=O)C(C(C(=O)N3CC=CC3C4=CSC(=N4)NC)O)O,kinase_domain/data/phase2b/raw/phase2b_seed_4_54582835.sdf,3d,482.57,1.41,4,9,132.61,8,34,4,3
54582836,seed_4,CC(C1=CC=C(C=C1)N2C=CC=N2)NC(=O)C(C(C(=O)N3C4CC4CC3C5=CSC(=N5)NC)O)O,kinase_domain/data/phase2b/raw/phase2b_seed_4_54582836.sdf,3d,496.59,1.63,4,9,132.61,8,35,5,3
56836188,seed_4,CC1=CC(=NC(=C1CNC(=O)C2=CN(C=N2)CC3=CC=C(C=C3)CN4C=CC=N4)C)N,kinase_domain/data/phase2b/raw/phase2b_seed_4_56836188.sdf,3d,415.5,2.7,2,7,103.65,7,31,4,4
58063084,seed_4,CC1=NC(=C(S1)NC(=O)C2=C3N=C(C=CN3N=C2)N)C4=CC(=CC=C4)Cl,kinase_domain/data/phase2b/raw/phase2b_seed_4_58063084.sdf,3d,384.85,3.65,2,7,98.2,3,26,4,4
58464982,seed_4,CN1C(=C(C=N1)NC(=O)C2=C(SC(=N2)C3=C(C=CC=C3F)F)N)N4CCCC(C(C4)F)N,kinase_domain/data/phase2b/raw/phase2b_seed_4_58464982.sdf,3d,465.51,2.92,3,8,115.09,4,32,4,3
66555847,seed_4,CC1CC(CC(C1(C)O)O)C2=C(C=NC=C2)NC(=O)C3=C(SC(=N3)C4=C(C=CC=C4F)F)N,kinase_domain/data/phase2b/raw/phase2b_seed_4_66555847.sdf,3d,474.53,3.94,4,7,121.36,4,33,4,3
71262754,seed_4,C1CNCC1OC2=C(C=NC=C2)NC(=O)C3=C(SC(=N3)C4=C(C=CC=C4F)F)N,kinase_domain/data/phase2b/raw/phase2b_seed_4_71262754.sdf,3d,417.44,3.06,3,7,102.16,5,29,4,3
71539661,seed_4,CN1C(=C(C=N1)NC(=O)C2=C(SC(=N2)C3=C(C=CC=C3F)F)N)N4CCC(CC(C4)(F)F)N,kinase_domain/data/phase2b/raw/phase2b_seed_4_71539661.sdf,3d,483.5,3.22,3,8,115.09,4,33,4,3
72194525,seed_4,CN1CCN(CC1)CC2=CC=C(C=C2)NC(=O)C3=C(C=NN3)NC4=C5C=CSC5=NC=N4,kinase_domain/data/phase2b/raw/phase2b_seed_4_72194525.sdf,3d,448.56,3.16,3,8,102.07,6,32,5,4
72194526,seed_4,C1COCCN1CC2=CC=C(C=C2)NC(=O)C3=C(C=NN3)NC4=C5C=CSC5=NC=N4,kinase_domain/data/phase2b/raw/phase2b_seed_4_72194526.sdf,3d,435.51,3.24,3,8,108.06,6,31,5,4
72195318,seed_4,CN1CCN(CC1)CC2=CC=C(C=C2)NC(=O)C3=C(C=NN3)NC4=NC=NC5=C4SC=C5,kinase_domain/data/phase2b/raw/phase2b_seed_4_72195318.sdf,3d,448.56,3.16,3,8,102.07,6,32,5,4
74983184,seed_4,CN1C(=C(C=N1)NC(=O)C2=C(SC(=N2)C3=C(C=CC=C3F)F)N)N4CCC(C(CC4)OC)N,kinase_domain/data/phase2b/raw/phase2b_seed_4_74983184.sdf,3d,477.54,2.6,3,9,124.32,5,33,4,3
74983298,seed_4,CC1(CCN(CC(C1)(F)F)C2=C(C=NN2C)NC(=O)C3=C(SC(=N3)C4=C(C=CC=C4F)F)N)N,kinase_domain/data/phase2b/raw/phase2b_seed_4_74983298.sdf,3d,497.52,3.61,3,8,115.09,4,34,4,3
78103829,seed_4,CN1C(=C(C=N1)NC(=O)C2=C(SC(=N2)C3=C(C=CC=C3F)F)N)N4CCC(CC(C4)F)N,kinase_domain/data/phase2b/raw/phase2b_seed_4_78103829.sdf,3d,465.51,2.92,3,8,115.09,4,32,4,3
86713879,seed_4,CN1C(=C(C=N1)NC(=O)C2=C(SC(=N2)C3=C(C=CC=C3F)F)N)C45CCC(C(O4)CC5)N,kinase_domain/data/phase2b/raw/phase2b_seed_4_86713879.sdf,3d,460.51,3.15,3,8,121.08,4,32,5,3
90072314,seed_4,CN1C(=C(C=N1)NC(=O)C2=C(SC(=N2)C3=C(C=CC=C3F)F)N)C45CCC(C(O4)CC5)N,kinase_domain/data/phase2b/raw/phase2b_seed_4_90072314.sdf,3d,460.51,3.15,3,8,121.08,4,32,5,3
90072384,seed_4,CN1C(=C(C=N1)NC(=O)C2=C(SC(=N2)C3=C(C=CC=C3F)F)N)C4CC(C(CCO4)N)F,kinase_domain/data/phase2b/raw/phase2b_seed_4_90072384.sdf,3d,466.49,3.17,3,8,121.08,4,32,4,3
90072542,seed_4,CC1C(C(CC(O1)C2=C(C=NN2C)NC(=O)C3=CSC(=N3)C4=C(C=CC=C4F)F)N)(C)O,kinase_domain/data/phase2b/raw/phase2b_seed_4_90072542.sdf,3d,463.51,3.0,3,8,115.29,4,32,4,3
91809176,seed_4,CC1=C(C=CC(=C1)C2=NC(=NC=C2)NC3=CN(N=C3)C)CNC(=O)C4=CN=C(S4)C(C)(C)C,kinase_domain/data/phase2b/raw/phase2b_seed_4_91809176.sdf,3d,461.6,4.61,2,8,97.62,6,33,4,4
117740035,seed_4,CC1CN(CCN1C(=O)CN2C=CC=N2)C3=C(N=C(S3)C(F)(F)F)C4=NC5=CC=CC=C5N4,kinase_domain/data/phase2b/raw/phase2b_seed_4_117740035.sdf,3d,475.5,3.64,1,7,82.94,4,33,5,4
118435363,seed_4,CC1CC2CSC(=NC2(CO1)C3=NC(=CS3)NC(=O)C4=NN(C=C4)C(F)F)N,kinase_domain/data/phase2b/raw/phase2b_seed_4_118435363.sdf,3d,428.49,2.67,2,9,107.42,4,28,4,2
121333495,seed_4,C1CC(N(C1)C2=NC3=C(C=NN3C=C2)NC(=O)N4CCC(C4)O)C5=C(C=CC(=C5)F)F,kinase_domain/data/phase2b/raw/phase2b_seed_4_121333495.sdf,3d,428.44,2.95,2,6,86.0,3,31,5,3
121333500,seed_4,C1CC(N(C1)C2=NC3=C(C=NN3C=C2)NC(=O)N4CCC(C4)O)C5=C(C=CC(=C5)F)F,kinase_domain/data/phase2b/raw/phase2b_seed_4_121333500.sdf,3d,428.44,2.95,2,6,86.0,3,31,5,3
123616291,seed_4,CN1C(=C(C=N1)NC(=O)C2=C(SC(=N2)C3=C(C=CC=C3F)F)N)C4CCC(C(CC4)F)N,kinase_domain/data/phase2b/raw/phase2b_seed_4_123616291.sdf,3d,464.52,3.98,3,7,111.85,4,32,4,3
129136448,seed_4,CC1CN2C=C(N=C2C(=O)N1CC3=CC(=C(C=C3)F)F)C4=NC(=NC=C4C)NC5=CC=NN5C,kinase_domain/data/phase2b/raw/phase2b_seed_4_129136448.sdf,3d,464.48,3.45,1,8,93.76,5,34,5,4
135355725,seed_4,CC(C)(C)N1C=C(N=N1)C(=O)NC2CNCCC3=C2C=CC(=C3)C4=NC(=NC=C4)NC5=CN(N=C5)C,kinase_domain/data/phase2b/raw/phase2b_seed_4_135355725.sdf,3d,486.58,2.58,3,10,127.47,5,36,5,4
135886489,seed_4,CC1CN(CC1C2=NC3=C(C=NN3C4CCOCC4)C(=O)N2)CC5=CC=C(C=C5)F,kinase_domain/data/phase2b/raw/phase2b_seed_4_135886489.sdf,3d,411.48,2.85,1,6,76.04,4,30,5,3
137441521,seed_4,CC1=NC=C(C=C1)N2C=CC=C(C2=O)NC3=NC4=C(C=NN4C(=C3)NC)C(=O)NC5CCC5OC,kinase_domain/data/phase2b/raw/phase2b_seed_4_137441521.sdf,3d,474.53,2.28,3,10,127.47,7,35,5,4
137449220,seed_4,CNC1=CC(=NC2=C(C=NN12)C(=O)NC3CCC3OC)NC4=CC=CN(C4=O)C5=CC(=CN=C5)F,kinase_domain/data/phase2b/raw/phase2b_seed_4_137449220.sdf,3d,478.49,2.11,3,10,127.47,7,35,5,4
137450100,seed_4,CC1=C(C=CC=N1)N2C=CC=C(C2=O)NC3=NC4=C(C=NN4C(=C3)NC)C(=O)NC5CCC5OC,kinase_domain/data/phase2b/raw/phase2b_seed_4_137450100.sdf,3d,474.53,2.28,3,10,127.47,7,35,5,4
146560487,seed_4,CNC1=CC(=NC2=C(C=NN12)C(=O)NC3CCC3OC)C4=CN=C5C4=CC=CN5C6CCOC6,kinase_domain/data/phase2b/raw/phase2b_seed_4_146560487.sdf,3d,461.53,2.61,2,9,107.6,6,34,6,2
166629432,seed_4,CSC1=C(C=CC(=C1)N2CCOCC2)NC(=O)C3=C4N=C(C=CN4N=C3)NC5CCCNC5,kinase_domain/data/phase2b/raw/phase2b_seed_4_166629432.sdf,3d,467.6,2.7,3,9,95.82,6,33,5,3
6416725,seed_4,CC(C(=O)NCC1CCCO1)SC2=NC(=C(N=N2)C3=CC=CC=C3)C4=CC=CC=C4,kinase_domain/data/phase2b/raw/phase2b_seed_4_6416725.sdf,3d,420.54,3.98,1,6,77.0,7,30,4,3
75163532,seed_4,CC1=C(SC(=N1)NC(=O)N2CCCC2C(=O)N)C3=CC(=NC=C3)C(C)(C)C(F)(F)F,kinase_domain/data/phase2b/raw/phase2b_seed_4_75163532.sdf,3d,441.48,3.84,2,5,101.21,4,30,3,2
162346700,seed_4,CC(C)CC(COC)N=C1NC(=CC2=CC3=C(C=C2)N=CS3)C(=O)N1,kinase_domain/data/phase2b/raw/phase2b_seed_4_162346700.sdf,3d,358.47,2.77,2,5,75.61,6,25,3,2
10180587,seed_4,C#CCOC(=O)NCC1=CC(=NN1)C2=C(N=C(S2)C3=CN=CC=C3)N4CCCCC4,kinase_domain/data/phase2b/raw/phase2b_seed_4_10180587.sdf,3d,422.51,3.44,2,7,96.03,6,30,4,3
24741312,seed_4,C1=CC=C(C(=C1)C(=O)O)NC(=O)CCC2=CN=C(S2)N3C=C(C=N3)O,kinase_domain/data/phase2b/raw/phase2b_seed_4_24741312.sdf,3d,358.38,2.3,3,7,117.34,6,25,3,3
24768480,seed_4,CC1=C(N(N=C1C(=O)NC2CCCCC2)C3=C(C=C(C=C3)F)F)N4C=CC=C4,kinase_domain/data/phase2b/raw/phase2b_seed_4_24768480.sdf,3d,384.43,4.31,1,4,51.85,4,28,4,3
24768483,seed_4,CC1=CC=C(N1C2=C(C(=NN2C3=C(C=C(C=C3)F)F)C(=O)NC4CCCCC4)C)C,kinase_domain/data/phase2b/raw/phase2b_seed_4_24768483.sdf,3d,412.48,4.93,1,4,51.85,4,30,4,3
51035417,seed_4,CC1=CC=C(C=C1)N2C(=CC(=N2)C(C)(C)C)NC(=O)NC3=NC=CS3,kinase_domain/data/phase2b/raw/phase2b_seed_4_51035417.sdf,3d,355.47,4.58,2,5,71.84,3,25,3,3
51035420,seed_4,CC1=CC=C(C=C1)N2C(=CC(=N2)C(C)(C)C)NC(=O)NC3=NC(=CS3)CCOCC4=CC=NC=C4,kinase_domain/data/phase2b/raw/phase2b_seed_4_51035420.sdf,3d,490.63,5.73,2,7,93.96,8,35,4,4
70680234,seed_4,CC1=C(SC(=N1)NC)C2=NC(=NC=C2C#N)NC3=CC(=CC=C3)N4CCCN(CC4)C(=O)C,kinase_domain/data/phase2b/raw/phase2b_seed_4_70680234.sdf,3d,462.58,3.62,2,9,110.07,5,33,4,3
71305062,seed_4,CCC(C)(C)C1=NN(C2=C1N=C(CNC2=O)C3=CC=C(C=C3)N4C=CN=C4C)CCO,kinase_domain/data/phase2b/raw/phase2b_seed_4_71305062.sdf,3d,420.52,2.92,2,7,97.33,6,31,4,3
71721528,seed_4,CCCN1C(=O)C=CC2=C(NN=C21)C3=CN=C(S3)C4=CN=CC=C4,kinase_domain/data/phase2b/raw/phase2b_seed_4_71721528.sdf,3d,337.41,3.32,1,6,76.46,4,24,4,4
124037111,seed_4,CS(=O)(=O)N1CCOC(C1)C2=CSC(=N2)C3=CC=CC=C3NC(=O)C4=NC=CN4,kinase_domain/data/phase2b/raw/phase2b_seed_4_124037111.sdf,3d,433.52,2.12,2,7,117.28,5,29,4,3
124222752,seed_4,CC(C)N1C=NN=C1C2=NC(=CS2)C(=O)NC3=CC=CC=N3,kinase_domain/data/phase2b/raw/phase2b_seed_4_124222752.sdf,3d,314.37,2.63,1,7,85.59,4,22,3,3
135567108,seed_4,CN(CCC1=CN(N=C1)C2=NC=CC3=C2N=CNC3=O)CC4=CC=C(C=C4)F,kinase_domain/data/phase2b/raw/phase2b_seed_4_135567108.sdf,3d,378.41,2.32,1,6,79.7,6,28,4,4
145704714,seed_4,C1C2CC(C1NC3=C(C(=NN3C2)C4=CC5=C(C=C4)SC=N5)C(=O)N)O,kinase_domain/data/phase2b/raw/phase2b_seed_4_145704714.sdf,3d,355.42,1.82,3,7,106.06,2,25,5,3
162639718,seed_4,CN1C=C(C=N1)NC2=NC=C(N=C2C(=O)N)C3=CCCC(C3)NC(=O)C4=CC=CC=C4,kinase_domain/data/phase2b/raw/phase2b_seed_4_162639718.sdf,3d,417.47,2.42,3,7,127.82,6,31,4,3
164628676,seed_4,C1CC1C2=CN(C(=N2)C3=CC=CC=C3)C4=NC(=NC=C4)NC5CCN(C5)C(=O)C6=NC=CS6,kinase_domain/data/phase2b/raw/phase2b_seed_4_164628676.sdf,3d,457.56,3.99,1,8,88.83,6,33,6,4
165414871,seed_4,CN1C(=C(C=N1)C(=O)N(C)CCOC)C(=O)NC2=NC3=NC(=CN3C=C2)C4=NC(=CC=C4)F,kinase_domain/data/phase2b/raw/phase2b_seed_4_165414871.sdf,3d,452.45,1.63,1,9,119.54,7,33,4,4
165414915,seed_4,CN1C(=C(C=N1)C(=O)N(C)CCF)C(=O)NC2CCN3C=C(N=C3C2)C4=CC=CC=C4,kinase_domain/data/phase2b/raw/phase2b_seed_4_165414915.sdf,3d,424.48,2.07,1,6,85.05,6,31,4,3
165414951,seed_4,CN1C(=C(C=N1)C(=O)N2CCC2)C(=O)NC3CCN4C=C(N=C4C3)C5=CC=C(C=C5)F,kinase_domain/data/phase2b/raw/phase2b_seed_4_165414951.sdf,3d,422.46,2.01,1,6,85.05,4,31,5,3
165415136,seed_4,CN1C(=CC(=N1)C2=NC=C(C=C2)C(F)(F)F)NC(=O)C3=C(C=NN3C)C(=O)N4CCC4,kinase_domain/data/phase2b/raw/phase2b_seed_4_165415136.sdf,3d,433.39,2.33,1,7,97.94,4,31,4,3
165415295,seed_4,CN1C(=C(C=N1)C(=O)N2CCOCC2)C(=O)NC3CCN4C=C(N=C4C3)C5=CC=C(C=C5)F,kinase_domain/data/phase2b/raw/phase2b_seed_4_165415295.sdf,3d,452.49,1.64,1,7,94.28,4,33,5,3
165415380,seed_4,CN1C(=C(C=N1)C(=O)N2CCC2)C(=O)NC3=NN(C=C3)C4=CC=CC=C4F,kinase_domain/data/phase2b/raw/phase2b_seed_4_165415380.sdf,3d,368.37,1.84,1,6,85.05,4,27,4,3
73356676,seed_4,C1=CC(=CC=C1C2=CSC(=N2)NC(=O)C(CC3=CN=CN3)NC(=O)C4C(O4)C(=O)O)F,kinase_domain/data/phase2b/raw/phase2b_seed_4_73356676.sdf,3d,445.43,1.19,4,7,149.6,8,31,4,3
25218469,seed_4,CC(C(=O)NCC1=CSC(=N1)N2C(=CC(=N2)C(F)(F)F)C(=O)NCC3=CC=CC=C3OC)N,kinase_domain/data/phase2b/raw/phase2b_seed_4_25218469.sdf,3d,482.49,2.25,3,8,124.16,8,33,3,3
53329531,seed_4,C1CC1C2=NC(=C(C=C2)NC3=CN=CN=C3)C(=O)NC4=NN=C(S4)C5=CC=C(C=C5)F,kinase_domain/data/phase2b/raw/phase2b_seed_4_53329531.sdf,3d,433.47,4.4,2,8,105.58,6,31,5,4
58548384,seed_4,CNC(=O)C1=C(SC(=N1)C2=CC=CC=C2)NC(=O)C3=C(C=CC(=N3)C4CC4)NC5=CN=CN=C5,kinase_domain/data/phase2b/raw/phase2b_seed_4_58548384.sdf,3d,471.55,4.23,3,8,121.79,7,34,5,4
165414909,seed_4,CN1C(=C(C=N1)C(=O)N2CCC2)C(=O)NC3=CC4=C(C=C3)SC(=N4)C5=CC=CC=C5,kinase_domain/data/phase2b/raw/phase2b_seed_4_165414909.sdf,3d,417.49,3.8,1,6,80.12,4,30,5,4
165414970,seed_4,CN1C(=C(C=N1)C(=O)N(C)CCOC)C(=O)NC2=CC3=NC(=NN3C=N2)C4=CC=CC=C4,kinase_domain/data/phase2b/raw/phase2b_seed_4_165414970.sdf,3d,434.46,1.5,1,9,119.54,7,32,4,4
10361685,seed_4,CC1=C(SC(=N1)NC)C2=NC(=NC=C2)NC3=CC=CC(=C3)CNC(=O)C,kinase_domain/data/phase2b/raw/phase2b_seed_4_10361685.sdf,3d,368.47,3.33,3,7,91.83,6,26,3,3
53469617,seed_4,CN1C(=C(C=N1)C(=O)NCC2=NC(=CS2)C#N)C(=O)NC3=NC4=NC(=CN4C=C3)C5=CC=CC=C5,kinase_domain/data/phase2b/raw/phase2b_seed_4_53469617.sdf,3d,483.52,2.64,2,10,142.89,6,35,5,5
53469619,seed_4,CN1C(=C(C=N1)C(=O)NCC2=CN3C=CSC3=N2)C(=O)NC4=NC5=NC(=CN5C=C4)C6=CC=CC=C6,kinase_domain/data/phase2b/raw/phase2b_seed_4_53469619.sdf,3d,497.54,3.02,2,10,123.51,6,36,6,6
53469815,seed_4,CC1=NC(=CS1)CNC(=O)C2=C(N(N=C2)C)C(=O)NC3=NC4=NC(=CN4C=C3)C5=CC=CC=C5,kinase_domain/data/phase2b/raw/phase2b_seed_4_53469815.sdf,3d,472.53,3.08,2,9,119.1,6,34,5,5
56941864,seed_4,CC1CN(CC(O1)C)CC2=CC(=NC(=C2)NC3CCN(C3)C(=O)C=C)NC4=NC5=C(S4)N=CC=C5,kinase_domain/data/phase2b/raw/phase2b_seed_4_56941864.sdf,3d,493.64,3.64,2,9,95.51,7,35,5,3
57377629,seed_4,CN1C(=C(C=N1)C(=O)N2CC(C2)OC)C(=O)NC3=CC4=NC(=NN4C=C3)C5=CC=CC=C5,kinase_domain/data/phase2b/raw/phase2b_seed_4_57377629.sdf,3d,431.46,1.85,1,8,106.65,5,32,5,4
71505323,seed_4,CC1=C(N=C(S1)CCNC(=O)C2=C(C=NN2C)C(=O)N3CCC3)C4=CC=CC=C4,kinase_domain/data/phase2b/raw/phase2b_seed_4_71505323.sdf,3d,409.52,2.67,1,6,80.12,6,29,4,3
124154795,seed_4,CN1C(=NC2=C(C1=O)N=C(S2)N3CCCC3C(=O)NCC4=CC=CC=C4)C5CCOCC5,kinase_domain/data/phase2b/raw/phase2b_seed_4_124154795.sdf,3d,453.57,2.57,1,8,89.35,5,32,5,3
124201738,seed_4,CN(C)CC1=CC(=NC(=C1)NC2CCN(C2)C(=O)C=C)NC3=NC4=C(S3)N=CC=C4,kinase_domain/data/phase2b/raw/phase2b_seed_4_124201738.sdf,3d,423.55,3.09,2,8,86.28,7,30,4,3
53482276,seed_4,C1CC(CN(C1)C2=C(C=NN2)NC(=O)C3=C(SC(=N3)C4=C(C=CC=C4F)F)N)N,kinase_domain/data/phase2b/raw/phase2b_seed_4_53482276.sdf,3d,419.46,2.57,4,7,125.95,4,29,4,3
53482278,seed_4,CN1C(=C(C=N1)NC(=O)C2=C(SC(=N2)C3=C(C=CC=C3F)F)N)NCC4CCNCC4,kinase_domain/data/phase2b/raw/phase2b_seed_4_53482278.sdf,3d,447.52,3.07,4,8,109.89,6,31,4,3
58386288,seed_4,C1CC(N(C1)C2=NC3=C(C=NN3C=C2)NC(=O)N4CCC(C4)O)C5=C(C=CC(=C5)F)F,kinase_domain/data/phase2b/raw/phase2b_seed_4_58386288.sdf,3d,428.44,2.95,2,6,86.0,3,31,5,3
58464924,seed_4,CN1C=C(C=N1)NC(=O)C2=C(SC(=N2)C3=C(C=CC=C3F)F)N,kinase_domain/data/phase2b/raw/phase2b_seed_4_58464924.sdf,3d,335.34,2.66,2,6,85.83,3,23,3,3
59455638,seed_4,C1CN(CC(C1F)N)C2=C(C=NC=C2)NC(=O)C3=CSC(=N3)C4=C(C=CC=C4F)F,kinase_domain/data/phase2b/raw/phase2b_seed_4_59455638.sdf,3d,433.46,3.61,2,6,84.14,4,30,4,3
59455648,seed_4,C1CN(CC(C1O)N)C2=C(C=NC=C2)NC(=O)C3=CSC(=N3)C4=C(C=CC=C4F)F,kinase_domain/data/phase2b/raw/phase2b_seed_4_59455648.sdf,3d,431.47,2.63,3,7,104.37,4,30,4,3
67501573,seed_4,C1CC1NC(=O)C2=C3N=C(C=CN3N=C2)N4CC(CC4C5=CC(=CC=C5)F)O,kinase_domain/data/phase2b/raw/phase2b_seed_4_67501573.sdf,3d,381.41,2.07,2,6,82.76,4,28,5,3
