ligand,hbond_total,hbond_pdon,hbond_ldon,hydrophobic,pi_stack,salt_bridge,water_bridge,hinge_residues,hbond_details,is_hinge_binder,MW,LogP,HBD,HBA,TPSA,RotBonds,SA_score,SA_class,PAINS,Brenk_alert,ro5_violations,passes_local,smiles,passes_admet,affinity_kcal,pIC50_gnn,pIC50_gnn_std,IC50_gnn_nM,gnn_confidence,vina_norm,pIC50_norm,combined_score_gnn
phase2b_seed_2_454730,1,0,1,0,0,0,0,[605],GLY605(ldon)d=3.61a=110.5,True,474.49,3.85,3,5,93.36,5,2.615,easy,False,False,0,True,CC(C)Nc1cccnc1N1CCN(C(=O)c2cc3cc(NC(=O)C(F)(F)F)ccc3[nH]2)CC1,True,-8.8,4.909,0.288,12336.64,low,0.4473684210526314,0.13015601624278694,0.2887622186477092
phase2b_seed_2_49872646,4,1,3,0,0,0,0,"[603, 605]",GLY605(pdon)d=3.32a=162.2 | GLU603(ldon)d=3.78a=123.3 | GLY605(ldon)d=2.80a=132.0 | GLY605(ldon)d=3.31a=114.9,True,496.55,3.5,3,8,132.85,5,3.308,moderate,False,False,0,True,C[C@H](Nc1ncnc(N)c1C#N)c1nc2ccc(F)cc2c(C(=O)N2CCNCC2)c1-c1ccccc1,True,-8.8,5.487,0.366,3256.0,low,0.4473684210526314,0.25368668518914306,0.35052755312088724
phase2b_seed_2_53329353,1,1,0,0,0,0,0,[605],GLY605(pdon)d=3.92a=152.1,True,462.52,4.69,2,8,110.51,6,2.839,easy,False,False,0,True,Cn1nc(-c2ccc3ccccc3n2)cc1NC(=O)c1nc(C2CC2)ccc1Nc1cncnc1,True,-8.8,6.033,0.123,925.92,moderate,0.4473684210526314,0.37037828595853833,0.40887335350558485
phase2b_seed_2_53346507,6,1,5,0,0,0,0,"[603, 605]",GLY605(pdon)d=3.10a=168.9 | GLU603(ldon)d=3.04a=121.1 | GLY605(ldon)d=2.95a=151.0 | GLY605(ldon)d=3.07a=121.9 | GLY605(ldon)d=3.02a=120.5 | GLY605(ldon)d=3.13a=122.0,True,292.34,2.97,2,5,94.89,2,2.214,easy,False,False,0,True,CC(=O)c1cccc(-c2cc3nc(N)nc(N)c3cc2C)c1,True,-8.8,4.841,0.284,14405.44,low,0.4473684210526314,0.11562299636674513,0.28149570870968826
phase2b_seed_4_59455648,5,1,4,0,0,0,0,"[603, 605]",GLY605(pdon)d=3.32a=151.1 | GLU603(ldon)d=3.48a=106.5 | GLY605(ldon)d=2.95a=124.7 | GLY605(ldon)d=4.00a=101.7 | GLY605(ldon)d=3.24a=132.6,True,431.47,2.63,3,7,104.37,4,3.407,moderate,False,False,0,True,N[C@@H]1CN(c2ccncc2NC(=O)c2csc(-c3c(F)cccc3F)n2)CC[C@H]1O,True,-8.8,7.525,0.184,29.85,moderate,0.4473684210526314,0.6892498397093398,0.5683091303809856
phase2b_seed_4_121333500,3,1,2,0,0,0,0,"[603, 605]",GLY605(pdon)d=3.41a=155.7 | GLU603(ldon)d=3.72a=128.7 | GLY605(ldon)d=3.66a=121.8,True,428.44,2.95,2,6,86.0,3,3.52,moderate,False,False,0,True,O=C(Nc1cnn2ccc(N3CCC[C@H]3c3cc(F)ccc3F)nc12)N1CC[C@H](O)C1,True,-8.7,5.289,0.283,5143.96,low,0.473684210526316,0.2113699508441975,0.3425270806852567
phase2b_seed_4_121408882,6,1,5,0,0,0,0,[605],GLY605(pdon)d=3.23a=162.6 | GLY605(ldon)d=3.13a=125.5 | GLY605(ldon)d=3.01a=105.2 | GLY605(ldon)d=3.19a=125.6 | GLY605(ldon)d=2.94a=109.5 | GLY605(ldon)d=3.03a=127.9,True,453.57,2.71,1,9,88.41,6,3.222,moderate,False,False,0,True,Cn1nccc1Nc1nccc(-c2cc3c(s2)C(C)(C)N(CCN2CCOCC2)C3=O)n1,True,-8.7,5.11,0.141,7762.69,moderate,0.473684210526316,0.17311391322932262,0.3233990618778193
phase2b_seed_4_46188928,1,1,0,0,0,0,0,[605],GLY605(pdon)d=4.01a=145.8,True,428.44,2.95,2,6,86.0,3,3.52,moderate,False,False,0,True,O=C(Nc1cnn2ccc(N3CCC[C@@H]3c3cc(F)ccc3F)nc12)N1CC[C@H](O)C1,True,-8.7,5.154,0.236,7011.4,low,0.473684210526316,0.18251763197264378,0.32810092124947987
phase2b_seed_4_86713879,4,1,3,0,0,0,0,"[603, 605]",GLY605(pdon)d=3.44a=160.0 | GLY605(ldon)d=4.06a=124.2 | GLU603(ldon)d=4.09a=106.2 | GLU603(ldon)d=3.47a=135.6,True,460.51,3.15,3,8,121.08,4,4.947,moderate,False,False,0,True,Cn1ncc(NC(=O)c2nc(-c3c(F)cccc3F)sc2N)c1[C@]12CC[C@H](O1)[C@@H](N)CC2,True,-8.7,7.861,0.196,13.78,moderate,0.473684210526316,0.7610600555674291,0.6173721330468726
phase2b_seed_4_135886489,1,1,0,0,0,0,0,[605],GLY605(pdon)d=3.75a=156.8,True,411.48,2.85,1,6,76.04,4,3.542,moderate,False,False,0,True,C[C@@H]1CN(Cc2ccc(F)cc2)C[C@H]1c1nc2c(cnn2C2CCOCC2)c(=O)[nH]1,True,-8.7,5.98,0.837,1047.34,low,0.473684210526316,0.35905107929044683,0.4163676449083814
phase2b_seed_0_11167112,2,0,2,0,0,0,0,[605],GLY605(ldon)d=3.03a=112.6 | GLY605(ldon)d=3.04a=145.5,True,461.57,4.64,2,6,85.83,7,2.956,easy,False,False,0,True,Cn1c(NC[C@@H](N)Cc2ccccc2)nc(-c2ccncc2)c(-c2ccc3ccccc3c2)c1=O,True,-8.7,6.046,0.435,898.75,low,0.473684210526316,0.37315665740542864,0.4234204339658723
phase2b_seed_4_44217530,3,1,2,0,0,0,0,[605],GLY605(pdon)d=3.21a=166.8 | GLY605(ldon)d=2.94a=117.9 | GLY605(ldon)d=3.38a=127.4,True,429.5,3.91,2,6,84.14,4,3.377,moderate,False,False,0,True,C[C@@H]1C[C@H](N)CN(c2ccncc2NC(=O)c2csc(-c3c(F)cccc3F)n2)C1,True,-8.7,8.406,0.196,3.92,moderate,0.473684210526316,0.8775379354562943,0.6756110729913052
phase2b_seed_1_52934180,1,0,1,0,0,0,0,[605],GLY605(ldon)d=3.38a=133.9,True,405.5,3.7,1,5,83.88,2,3.362,moderate,False,False,0,True,Cc1nc2ccc(C(=O)N3CCC4(CC3)CC(=O)c3c(cnn3C(C)C)C4)cc2[nH]1,True,-8.7,5.354,0.26,4422.11,low,0.473684210526316,0.22526180807864937,0.3494730093024827
phase2b_seed_4_90072314,4,0,4,0,0,0,0,"[603, 605]",GLU603(ldon)d=3.23a=117.2 | GLU603(ldon)d=3.78a=155.5 | GLY605(ldon)d=4.09a=134.4 | GLY605(ldon)d=3.13a=132.4,True,460.51,3.15,3,8,121.08,4,4.947,moderate,False,False,0,True,Cn1ncc(NC(=O)c2nc(-c3c(F)cccc3F)sc2N)c1[C@@]12CC[C@@H](N)[C@@H](CC1)O2,True,-8.6,8.363,0.319,4.33,low,0.5000000000000001,0.8683479375935029,0.6841739687967515
phase2b_seed_4_45482952,1,0,1,0,0,0,0,[605],GLY605(ldon)d=3.98a=110.5,True,461.45,3.17,2,7,97.2,4,4.26,moderate,False,False,0,True,CNC(=O)Nc1ccc(-c2nc(N3[C@@H]4CC[C@H]3COC4)c3cnn(CC(F)(F)F)c3n2)cc1,True,-8.6,5.169,0.253,6773.28,low,0.5000000000000001,0.1857234451805941,0.3428617225902971
phase2b_seed_4_53469619,2,0,2,0,0,0,0,"[603, 605]",GLU603(ldon)d=4.03a=119.5 | GLY605(ldon)d=3.30a=158.7,True,497.54,3.02,2,10,123.51,6,2.969,easy,False,False,0,True,Cn1ncc(C(=O)NCc2cn3ccsc3n2)c1C(=O)Nc1ccn2cc(-c3ccccc3)nc2n1,True,-8.6,5.153,0.185,7036.82,moderate,0.5000000000000001,0.18230391109211366,0.3411519555460569
phase2b_seed_2_132016492,2,1,1,0,0,0,0,[605],GLY605(pdon)d=3.25a=157.5 | GLY605(ldon)d=3.02a=126.7,True,446.45,4.56,1,4,64.15,6,3.257,moderate,False,False,0,True,NCc1ccc2c(c1)nc(CN1C(=O)C3(CC3)c3ccc(F)cc31)n2CCCC(F)(F)F,True,-8.6,5.139,0.275,7267.51,low,0.5000000000000001,0.17931181876469343,0.3396559093823468
phase2b_seed_2_720149,7,1,6,0,0,0,0,[605],GLY605(pdon)d=3.37a=156.9 | GLY605(ldon)d=3.23a=123.9 | GLY605(ldon)d=3.50a=116.1 | GLY605(ldon)d=3.33a=125.1 | GLY605(ldon)d=3.22a=156.5 | GLY605(ldon)d=3.21a=106.8 | GLY605(ldon)d=3.51a=113.0,True,346.39,3.6,2,4,83.98,4,1.991,easy,False,False,0,True,Cc1cccc(NC(=O)c2cccc(C(=O)Nc3cccc(C)n3)c2)n1,True,-8.6,4.816,0.224,15281.56,low,0.5000000000000001,0.11027997435349435,0.30513998717674723
phase2b_seed_0_11625818,1,0,1,0,0,0,0,[605],GLY605(ldon)d=3.33a=135.1,True,415.43,3.75,2,7,101.38,5,3.122,moderate,False,False,0,True,CC[C@H](Nc1ncnc2nc[nH]c12)c1nc2cccc(F)c2c(=O)n1-c1ccccc1,True,-8.5,5.098,0.268,7972.71,low,0.5263157894736842,0.1705492626629622,0.3484325260683232
phase2b_seed_3_135565981,4,1,3,0,0,0,0,"[603, 605]",GLY605(pdon)d=3.04a=169.1 | GLU603(ldon)d=3.44a=142.7 | GLY605(ldon)d=3.30a=153.8 | GLY605(ldon)d=3.86a=122.0,True,317.35,2.39,2,5,73.38,2,2.959,easy,False,False,0,True,O=c1[nH]nc2c3c(cccc13)NC(CN1Cc3ccccc3C1)=N2,True,-8.5,5.939,0.144,1152.03,moderate,0.5263157894736842,0.3502885231887156,0.4383021563311999
phase2b_seed_4_11774068,1,1,0,0,0,0,0,[605],GLY605(pdon)d=3.78a=152.5,True,404.35,2.36,2,6,101.36,4,2.721,easy,False,False,0,True,CCn1c(=O)[nH]c2nc(-c3cnn(Cc4cccc(C(F)(F)F)c4)c3)[nH]c2c1=O,True,-8.5,5.437,0.382,3652.05,low,0.5263157894736842,0.24300064116264172,0.38465821531816297
phase2b_seed_4_58548384,2,1,1,0,0,0,0,"[603, 605]",GLY605(pdon)d=3.71a=153.6 | GLU603(ldon)d=3.62a=137.0,True,471.55,4.23,3,8,121.79,7,2.831,easy,False,False,0,True,CNC(=O)c1nc(-c2ccccc2)sc1NC(=O)c1nc(C2CC2)ccc1Nc1cncnc1,True,-8.5,6.222,0.215,599.56,low,0.5263157894736842,0.41077153237871356,0.46854366092619887
phase2b_seed_4_56836188,3,1,2,0,0,0,0,[605],GLY605(pdon)d=3.10a=164.0 | GLY605(ldon)d=3.12a=146.6 | GLY605(ldon)d=3.11a=125.0,True,415.5,2.7,2,7,103.65,7,2.691,easy,False,False,0,True,Cc1cc(N)nc(C)c1CNC(=O)c1cn(Cc2ccc(Cn3cccn3)cc2)cn1,True,-8.5,5.057,0.205,8775.17,low,0.5263157894736842,0.16178670656123117,0.3440512480174577
phase2b_seed_4_156155310,2,0,2,0,0,0,0,[605],GLY605(ldon)d=3.22a=160.9 | GLY605(ldon)d=3.33a=156.7,True,457.92,4.46,2,7,81.07,5,2.987,easy,False,False,0,True,Cc1nc2c(cnn2-c2csc(C(=O)NC3COC3)c2)cc1Nc1c(F)cccc1Cl,True,-8.4,5.32,0.202,4790.29,low,0.5526315789473684,0.21799529814062846,0.3853134385439984
phase2b_seed_4_59332218,1,0,1,0,0,0,0,[605],GLY605(ldon)d=3.75a=119.2,True,404.5,3.14,2,7,75.08,4,2.429,easy,False,False,0,True,O=C(Nc1ccccc1N1CCNCC1)c1csc(-n2ncc3ccccc32)n1,True,-8.4,4.909,0.078,12337.07,high,0.5526315789473684,0.13015601624278694,0.34139379759507765
phase2b_seed_4_146560487,5,1,4,0,0,0,0,[605],GLY605(pdon)d=3.50a=158.1 | GLY605(ldon)d=3.17a=128.4 | GLY605(ldon)d=2.80a=126.7 | GLY605(ldon)d=2.95a=125.7 | GLY605(ldon)d=3.73a=141.6,True,461.53,2.61,2,9,107.6,6,4.11,moderate,False,False,0,True,CNc1cc(-c2cnc3n([C@H]4CCOC4)cccc2-3)nc2c(C(=O)N[C@H]3CC[C@@H]3OC)cnn12,True,-8.4,6.242,0.748,572.84,low,0.5526315789473684,0.41504594998931404,0.4838387644683412
phase2b_seed_3_443884,5,1,4,0,0,0,0,"[603, 605]",GLY605(pdon)d=3.71a=162.8 | GLU603(ldon)d=3.11a=104.1 | GLU603(ldon)d=3.86a=146.8 | GLU603(ldon)d=2.97a=117.3 | GLY605(ldon)d=2.87a=111.2,True,325.41,1.53,3,3,68.36,3,3.797,moderate,False,False,0,True,C[C@@H](CO)NC(=O)[C@@H]1C=C2c3cccc4[nH]cc(c34)C[C@H]2N(C)C1,True,-8.4,5.312,0.111,4872.0,moderate,0.5526315789473684,0.21628553109638823,0.3844585550218783
phase2b_seed_1_10409068,2,1,1,0,0,0,0,"[603, 605]",GLY605(pdon)d=3.38a=158.3 | GLU603(ldon)d=3.99a=170.0,True,406.49,3.12,3,6,100.42,7,2.503,easy,False,False,0,True,CCCNC(=O)c1cn2ncnc(Nc3cc(C(=O)NC4CC4)ccc3C)c2c1C,True,-8.4,4.789,0.353,16248.23,low,0.5526315789473684,0.10450951057918358,0.32857054476327596
phase2b_seed_4_53482276,9,1,8,0,0,0,0,"[603, 605]",GLY605(pdon)d=2.97a=169.4 | GLU603(ldon)d=3.89a=128.5 | GLY605(ldon)d=2.91a=124.6 | GLY605(ldon)d=3.74a=125.2 | GLY605(ldon)d=2.93a=125.0 | GLY605(ldon)d=3.96a=106.7 | GLY605(ldon)d=2.97a=142.7 | GLY605(ldon)d=3.93a=109.3 | GLY605(ldon)d=4.08a=133.9,True,419.46,2.57,4,7,125.95,4,3.412,moderate,False,False,0,True,Nc1sc(-c2c(F)cccc2F)nc1C(=O)Nc1cn[nH]c1N1CCC[C@H](N)C1,True,-8.4,7.263,0.141,54.62,moderate,0.5526315789473684,0.6332549690104724,0.5929432739789204
phase2b_seed_2_466848,2,1,1,0,0,0,0,[605],GLY605(pdon)d=3.45a=163.6 | GLY605(ldon)d=3.17a=139.9,True,370.42,3.77,1,5,78.01,2,2.764,easy,False,False,0,True,CCN1c2ncccc2C(=O)N(C)c2ccc(-c3c[nH]c4cnccc34)nc21,True,-8.4,5.558,0.084,2766.86,high,0.5526315789473684,0.268860867706775,0.41074622332707167
phase2b_seed_0_71535962,4,1,3,0,0,0,0,"[603, 605]",GLY605(pdon)d=2.95a=162.4 | GLU603(ldon)d=3.73a=144.6 | GLU603(ldon)d=4.05a=114.9 | GLY605(ldon)d=3.69a=101.6,True,363.46,3.56,1,3,62.3,3,3.105,moderate,False,False,0,True,CCC(=O)N[C@@H]1CCCc2c(-c3ccc4c(c3)CCC(=O)N4C)cncc21,True,-8.4,4.921,0.139,11994.62,moderate,0.5526315789473684,0.13272066680914738,0.3426761228782579
phase2b_seed_4_162639718,1,0,1,0,0,0,0,[605],GLY605(ldon)d=2.93a=121.2,True,417.47,2.42,3,7,127.82,6,3.265,moderate,False,False,0,True,Cn1cc(Nc2ncc(C3=CCC[C@@H](NC(=O)c4ccccc4)C3)nc2C(N)=O)cn1,True,-8.4,5.988,0.475,1028.71,low,0.5526315789473684,0.3607608463346871,0.4566962126410277
phase2b_seed_4_129116690,4,1,3,0,0,0,0,[605],GLY605(pdon)d=3.20a=164.5 | GLY605(ldon)d=3.35a=125.8 | GLY605(ldon)d=3.28a=148.1 | GLY605(ldon)d=3.35a=105.3,True,494.51,3.07,1,9,102.99,7,3.713,moderate,False,False,0,True,COC[C@H]1Cn2cc(-c3nc(Nc4ccnn4C)ncc3C)nc2C(=O)N1Cc1ccc(F)c(F)c1,True,-8.4,4.462,0.259,34522.37,low,0.5526315789473684,0.03462278264586449,0.2936271807966164
phase2b_seed_1_122685543,3,1,2,0,0,0,0,"[603, 605]",GLY605(pdon)d=2.93a=162.4 | GLU603(ldon)d=3.56a=135.9 | GLY605(ldon)d=3.21a=115.0,True,412.5,3.8,3,6,97.86,5,2.694,easy,False,False,0,True,Cc1cc2c(C(N)=O)cccc2n1-c1nc2c(c(NCc3ccccc3)n1)CCCN2,True,-8.4,5.026,0.151,9419.95,moderate,0.5526315789473684,0.15516135926480018,0.3538964691060843
phase2b_seed_1_5517,3,1,2,0,0,0,0,"[603, 605]",GLY605(pdon)d=3.28a=172.4 | GLU603(ldon)d=2.71a=143.7 | GLY605(ldon)d=3.42a=112.4,True,404.35,2.04,2,6,101.45,3,3.071,moderate,False,False,0,True,N[C@H]1CCN(c2nc3c(cc2F)c(=O)c(C(=O)O)cn3-c2ccc(F)cc2F)C1,True,-8.4,6.411,0.096,387.9,high,0.5526315789473684,0.45116477879888867,0.5018981788731285
phase2b_seed_1_44603362,3,1,2,0,0,0,0,[605],GLY605(pdon)d=3.81a=159.2 | GLY605(ldon)d=3.96a=122.8 | GLY605(ldon)d=3.40a=111.6,True,389.46,3.23,1,5,79.6,4,2.502,easy,False,False,0,True,CC1(C)CN(C(=O)c2ccc(-c3cccc4nc(NC(=O)C5CC5)nn34)cc2)C1,True,-8.3,4.936,0.216,11585.99,low,0.5789473684210524,0.1359264800170977,0.3574369242190751
phase2b_seed_4_44199470,2,1,1,0,0,0,0,[605],GLY605(pdon)d=3.32a=157.6 | GLY605(ldon)d=2.98a=120.4,True,430.48,3.25,3,7,110.16,4,3.166,moderate,False,False,0,True,Nc1sc(-c2c(F)cccc2F)nc1C(=O)Nc1cnccc1N1CCC[C@H](N)C1,True,-8.3,8.979,0.346,1.05,low,0.5789473684210524,1.0,0.7894736842105262
phase2b_seed_2_72188645,2,0,2,0,0,0,0,[605],GLY605(ldon)d=3.78a=103.6 | GLY605(ldon)d=3.64a=170.3,True,390.41,3.5,1,4,58.12,2,4.071,moderate,False,False,0,True,Cc1cc(-c2ccc(C(F)(F)F)cc2)nc([C@H]2CC[C@@]3(CCN(C)C3=O)N2)n1,True,-8.3,4.441,0.097,36203.13,high,0.5789473684210524,0.030134644154733926,0.30454100628789316
phase2b_seed_1_46901383,3,1,2,0,0,0,0,"[603, 605]",GLY605(pdon)d=3.04a=170.3 | GLU603(ldon)d=3.94a=118.3 | GLY605(ldon)d=3.16a=100.9,True,380.5,2.4,3,6,96.17,5,2.541,easy,False,False,0,True,NC(=O)c1cc(-c2ccnc(NC3CCCCC3)c2)nc(N2CCNCC2)c1,True,-8.3,6.775,0.216,167.75,low,0.5789473684210524,0.5289591793118189,0.5539532738664357
phase2b_seed_0_24958200,4,1,3,0,0,0,0,"[603, 605]",GLY605(pdon)d=2.90a=175.2 | GLU603(ldon)d=4.05a=108.4 | GLY605(ldon)d=3.19a=112.7 | GLY605(ldon)d=3.18a=117.3,True,320.4,2.59,2,4,72.94,3,2.845,easy,False,False,0,True,NC(=O)c1cccc2cn(-c3ccc([C@@H]4CCCNC4)cc3)nc12,True,-8.3,5.727,0.262,1873.32,low,0.5789473684210524,0.3049796965163498,0.4419635324687011
phase2b_seed_4_58386288,2,0,2,0,0,0,0,"[603, 605]",GLU603(ldon)d=4.04a=108.8 | GLY605(ldon)d=4.10a=165.5,True,428.44,2.95,2,6,86.0,3,3.52,moderate,False,False,0,True,O=C(Nc1cnn2ccc(N3CCC[C@@H]3c3cc(F)ccc3F)nc12)N1CC[C@@H](O)C1,True,-8.3,5.2,0.252,6311.53,low,0.5789473684210524,0.1923487924770251,0.38564808044903875
phase2b_seed_4_137449220,4,1,3,0,0,0,0,[605],GLY605(pdon)d=3.74a=160.8 | GLY605(ldon)d=3.13a=148.3 | GLY605(ldon)d=3.33a=124.6 | GLY605(ldon)d=2.86a=137.3,True,478.49,2.11,3,10,127.47,7,3.872,moderate,False,False,0,True,CNc1cc(Nc2cccn(-c3cncc(F)c3)c2=O)nc2c(C(=O)N[C@H]3CC[C@@H]3OC)cnn12,True,-8.3,6.29,0.544,513.05,low,0.5789473684210524,0.4253045522547554,0.5021259603379039
phase2b_seed_2_462958,1,0,1,0,0,0,0,[605],GLY605(ldon)d=3.12a=137.2,True,498.65,3.89,3,6,110.43,6,2.823,easy,False,False,0,True,CN(c1ncccc1NC(C)(C)C)C1CCN(C(=O)c2cc3cc(NS(C)(=O)=O)ccc3[nH]2)CC1,True,-8.3,4.536,0.152,29101.52,moderate,0.5789473684210524,0.05043812780508651,0.31469274811306946
phase2b_seed_4_164628676,1,0,1,0,0,0,0,[605],GLY605(ldon)d=3.46a=114.5,True,457.56,3.99,1,8,88.83,6,3.317,moderate,False,False,0,True,O=C(c1nccs1)N1CC[C@@H](Nc2nccc(-n3cc(C4CC4)nc3-c3ccccc3)n2)C1,True,-8.3,5.236,0.258,5810.5,low,0.5789473684210524,0.200042744176106,0.3894950562985792
phase2b_seed_0_46181428,2,1,1,0,0,0,0,"[603, 605]",GLY605(pdon)d=3.53a=154.5 | GLU603(ldon)d=3.82a=102.7,True,396.37,3.76,2,5,97.11,6,3.186,moderate,False,False,0,True,O=C(O)c1ccc(NC(=O)[C@H](CC2CCCC2)n2cnc(C(F)(F)F)c2)nc1,True,-8.3,4.945,0.22,11342.48,low,0.5789473684210524,0.13784996794186805,0.35839866818146027
phase2b_seed_4_53482332,2,1,1,0,0,0,0,"[603, 605]",GLY605(pdon)d=3.03a=166.8 | GLU603(ldon)d=3.18a=145.4,True,415.5,2.44,3,8,115.09,4,3.215,moderate,False,False,0,True,Cn1ncc(NC(=O)c2nc(-c3ccccc3F)sc2N)c1N1CCC[C@H](N)C1,True,-8.3,8.63,0.352,2.34,low,0.5789473684210524,0.9254114126950206,0.7521793905580365
phase2b_seed_4_53329531,2,1,1,0,0,0,0,"[603, 605]",GLY605(pdon)d=3.97a=154.1 | GLU603(ldon)d=3.79a=117.5,True,433.47,4.4,2,8,105.58,6,2.671,easy,False,False,0,True,O=C(Nc1nnc(-c2ccc(F)cc2)s1)c1nc(C2CC2)ccc1Nc1cncnc1,True,-8.3,6.767,0.164,171.02,moderate,0.5789473684210524,0.5272494122675787,0.5530983903443156
phase2b_seed_4_91809176,5,1,4,0,0,0,0,[605],GLY605(pdon)d=3.31a=160.2 | GLY605(ldon)d=3.79a=109.9 | GLY605(ldon)d=3.20a=126.0 | GLY605(ldon)d=2.87a=100.7 | GLY605(ldon)d=2.88a=105.1,True,461.6,4.61,2,8,97.62,6,2.767,easy,False,False,0,True,Cc1cc(-c2ccnc(Nc3cnn(C)c3)n2)ccc1CNC(=O)c1cnc(C(C)(C)C)s1,True,-8.3,4.3,0.252,50094.09,low,0.5789473684210524,0.0,0.2894736842105262
phase2b_seed_4_53469815,2,1,1,0,0,0,0,[605],GLY605(pdon)d=3.20a=163.3 | GLY605(ldon)d=3.72a=159.7,True,472.53,3.08,2,9,119.1,6,2.784,easy,False,False,0,True,Cc1nc(CNC(=O)c2cnn(C)c2C(=O)Nc2ccn3cc(-c4ccccc4)nc3n2)cs1,True,-8.3,4.755,0.181,17577.93,moderate,0.5789473684210524,0.09724300064116267,0.33809518453110754
phase2b_seed_2_58548219,2,1,1,0,0,0,0,[605],GLY605(pdon)d=3.53a=156.7 | GLY605(ldon)d=3.06a=131.7,True,433.45,3.12,2,7,113.0,6,2.702,easy,False,False,0,True,O=C(Nc1cc(F)ccc1C(=O)N1CCC1)c1nc(C2CC2)cnc1Nc1cncnc1,True,-8.3,5.778,0.385,1666.06,low,0.5789473684210524,0.3158794614233811,0.44741341492221676
phase2b_seed_4_56932125,3,1,2,0,0,0,0,[605],GLY605(pdon)d=3.26a=162.0 | GLY605(ldon)d=3.13a=124.2 | GLY605(ldon)d=2.80a=167.1,True,465.58,2.32,1,9,86.72,6,2.623,easy,False,False,0,True,O=C(CN1CCN(c2ccnc(Nc3ncc(-c4cccnc4)s3)c2)CC1)N1CCOCC1,True,-8.2,4.829,0.066,14828.15,high,0.6052631578947371,0.1130583458003847,0.35916075184756086
phase2b_seed_4_137441521,3,1,2,0,0,0,0,[605],GLY605(pdon)d=4.02a=160.1 | GLY605(ldon)d=2.86a=161.0 | GLY605(ldon)d=3.21a=137.5,True,474.53,2.28,3,10,127.47,7,3.794,moderate,False,False,0,True,CNc1cc(Nc2cccn(-c3ccc(C)nc3)c2=O)nc2c(C(=O)N[C@H]3CC[C@@H]3OC)cnn12,True,-8.2,6.085,0.469,821.59,low,0.6052631578947371,0.38149177174609966,0.49337746482041833
phase2b_seed_4_25113172,6,1,5,0,0,0,0,[605],GLY605(pdon)d=3.37a=156.3 | GLY605(ldon)d=3.14a=123.9 | GLY605(ldon)d=3.13a=123.4 | GLY605(ldon)d=3.42a=111.1 | GLY605(ldon)d=2.91a=147.6 | GLY605(ldon)d=2.97a=125.2,True,397.5,3.38,3,7,100.03,6,2.937,easy,False,False,0,True,Cc1cc(C)cc(Nc2nccc(-c3nc(C)c(C(=O)N[C@@H](C)CO)s3)n2)c1,True,-8.2,5.021,0.244,9526.9,low,0.6052631578947371,0.15409275486215007,0.3796779563784436
phase2b_seed_0_58124325,2,0,2,0,0,0,0,[605],GLY605(ldon)d=4.08a=125.8 | GLY605(ldon)d=3.34a=136.4,True,368.41,2.46,2,4,90.01,6,2.562,easy,False,False,0,True,CC(C)[C@H](NC(=O)c1nn(Cc2ccc(F)cc2)c2ccccc12)C(N)=O,True,-8.2,5.599,0.328,2516.94,low,0.6052631578947371,0.2776234238085062,0.4414432908516216
phase2b_seed_2_462961,1,0,1,0,0,0,0,[605],GLY605(ldon)d=3.29a=138.5,True,482.61,3.25,3,6,110.43,7,2.726,easy,False,False,0,True,CN(c1ncccc1NC1CC1)C1CCN(C(=O)c2cc3cc(NS(C)(=O)=O)ccc3[nH]2)CC1,True,-8.2,4.646,0.157,22592.03,moderate,0.6052631578947371,0.07394742466338965,0.33960529127906336
phase2b_seed_4_25262782,3,1,2,0,0,0,0,[605],GLY605(pdon)d=3.58a=162.9 | GLY605(ldon)d=4.01a=110.2 | GLY605(ldon)d=3.29a=111.5,True,469.55,4.52,2,7,97.2,5,3.964,moderate,False,False,0,True,CCn1ncc2c(N3C[C@H]4CC[C@@H](C3)O4)nc(-c3ccc(NC(=O)Nc4ccccc4)cc3)nc21,True,-8.2,5.496,0.187,3192.01,moderate,0.6052631578947371,0.2556101731139134,0.43043666550432524
phase2b_seed_4_118034891,1,0,1,0,0,0,0,[605],GLY605(ldon)d=3.84a=100.3,True,454.51,4.26,1,7,75.94,5,3.567,moderate,False,False,0,True,CN(C(=O)c1cc(F)ccc1-n1nccn1)[C@H]1CCC[C@@H]1Nc1nc2ccc(F)cc2s1,True,-8.2,4.91,0.658,12306.42,low,0.6052631578947371,0.13036973712331704,0.36781644750902703
phase2b_seed_4_75163532,1,0,1,0,0,0,0,[605],GLY605(ldon)d=3.22a=127.2,True,441.48,3.84,2,5,101.21,4,3.334,moderate,False,False,0,True,Cc1nc(NC(=O)N2CCC[C@H]2C(N)=O)sc1-c1ccnc(C(C)(C)C(F)(F)F)c1,True,-8.2,5.164,0.299,6850.36,low,0.6052631578947371,0.184654840777944,0.39495899933634054
phase2b_seed_1_9951066,3,0,3,0,0,0,0,[605],GLY605(ldon)d=3.75a=112.6 | GLY605(ldon)d=3.73a=160.3 | GLY605(ldon)d=3.04a=125.3,True,366.47,2.9,3,5,78.66,6,2.545,easy,False,False,0,True,Cc1cccc(C)c1CNc1cc(C(=O)NCCO)cn2c(C)c(C)nc12,True,-8.2,4.411,0.356,38843.97,low,0.6052631578947371,0.023723017738833035,0.31449308781678503
phase2b_seed_1_53252276,2,1,1,0,0,0,0,"[603, 605]",GLY605(pdon)d=3.12a=161.7 | GLU603(ldon)d=3.13a=137.5,True,344.39,1.55,3,6,97.86,3,3.71,moderate,False,False,0,True,Cn1cc(-c2nc(N[C@@H]3CCCC[C@@H]3N)c(F)c3c2C(=O)NC3)cn1,True,-8.2,6.44,0.184,362.74,moderate,0.6052631578947371,0.45736268433425964,0.5313129211144983
phase2b_seed_1_208947,2,1,1,0,0,0,0,[605],GLY605(pdon)d=4.02a=145.9 | GLY605(ldon)d=3.30a=150.4,True,293.37,3.43,1,3,50.68,2,3.233,moderate,False,False,0,True,Cc1[nH]cnc1C[C@H]1CCc2c(C)c3ccccc3n2C1=O,True,-8.2,5.01,0.369,9781.19,low,0.6052631578947371,0.15174182517631973,0.3785024915355284
phase2b_seed_2_58548152,3,1,2,0,0,0,0,[605],GLY605(pdon)d=3.69a=156.1 | GLY605(ldon)d=3.18a=119.5 | GLY605(ldon)d=2.88a=124.2,True,421.44,2.98,2,7,113.0,6,2.837,easy,False,False,0,True,CN(C)C(=O)c1c(F)cccc1NC(=O)c1nc(C2CC2)cnc1Nc1cncnc1,True,-8.2,5.565,0.193,2725.84,moderate,0.6052631578947371,0.2703569138704853,0.4378100358826112
phase2b_seed_4_45488032,2,1,1,0,0,0,0,[605],GLY605(pdon)d=3.10a=164.4 | GLY605(ldon)d=3.03a=121.2,True,498.59,3.98,3,8,123.22,6,4.089,moderate,False,False,0,True,CCn1ncc2c(N3C[C@H]4CC[C@@H](C3)O4)nc(-c3ccc(NC(=O)Nc4ccc(CN)cc4)cc3)nc21,True,-8.1,5.681,0.238,2086.01,low,0.6315789473684211,0.29514853601196844,0.4633637416901948
phase2b_seed_4_59455638,2,1,1,0,0,0,0,"[603, 605]",GLY605(pdon)d=3.32a=151.4 | GLU603(ldon)d=3.50a=110.3,True,433.46,3.61,2,6,84.14,4,3.476,moderate,False,False,0,True,N[C@@H]1CN(c2ccncc2NC(=O)c2csc(-c3c(F)cccc3F)n2)CC[C@H]1F,True,-8.1,7.015,0.275,96.57,low,0.6315789473684211,0.5802521906390254,0.6059155690037232
phase2b_seed_0_44631912,1,0,1,0,0,0,0,[605],GLY605(ldon)d=4.09a=105.0,True,434.55,2.8,2,8,91.21,5,2.821,easy,False,False,0,True,CN(C)C(=O)c1cc2cnc(Nc3ccc(N4CCNCC4)cn3)nc2n1C1CCCC1,True,-8.1,4.53,0.153,29517.48,moderate,0.6315789473684211,0.04915580252190649,0.3403673749451638
phase2b_seed_0_51352361,1,1,0,0,0,0,0,[605],GLY605(pdon)d=3.33a=161.0,True,409.42,1.42,2,6,117.75,3,3.246,moderate,False,False,0,True,CN1C(N)=N[C@](C)(c2cc(NC(=O)c3ccc(F)cn3)ccc2F)CS1(=O)=O,True,-8.1,4.791,0.168,16184.99,moderate,0.6315789473684211,0.10493695234024378,0.36825794985433247
phase2b_seed_2_35802,3,1,2,0,0,0,0,[605],GLY605(pdon)d=3.75a=155.3 | GLY605(ldon)d=3.74a=134.0 | GLY605(ldon)d=2.93a=113.0,True,313.29,3.11,2,4,84.08,3,2.097,easy,False,False,0,True,COC(=O)Nc1nc2ccc(C(=O)c3ccc(F)cc3)cc2[nH]1,True,-8.1,5.106,0.341,7826.36,low,0.6315789473684211,0.17225902970720242,0.40191898853781177
phase2b_seed_1_9864291,1,0,1,0,0,0,0,[605],GLY605(ldon)d=3.74a=163.4,True,336.44,3.53,2,4,72.42,5,2.569,easy,False,False,0,True,CCc1cccc(C)c1CNc1cc(C(N)=O)cn2c(C)c(C)nc12,True,-8.1,4.548,0.272,28335.8,low,0.6315789473684211,0.05300277837144694,0.34229086286993404
phase2b_seed_4_67501573,2,1,1,0,0,0,0,[605],GLY605(pdon)d=3.41a=159.5 | GLY605(ldon)d=3.53a=109.4,True,381.41,2.07,2,6,82.76,4,3.398,moderate,False,False,0,True,O=C(NC1CC1)c1cnn2ccc(N3C[C@H](O)C[C@@H]3c3cccc(F)c3)nc12,True,-8.1,6.342,0.563,455.14,low,0.6315789473684211,0.43641803804231677,0.5339984927053689
phase2b_seed_4_137450100,3,1,2,0,0,0,0,[605],GLY605(pdon)d=3.82a=161.9 | GLY605(ldon)d=3.59a=113.2 | GLY605(ldon)d=2.80a=144.1,True,474.53,2.28,3,10,127.47,7,3.815,moderate,False,False,0,True,CNc1cc(Nc2cccn(-c3cccnc3C)c2=O)nc2c(C(=O)N[C@H]3CC[C@@H]3OC)cnn12,True,-8.1,6.102,0.511,790.23,low,0.6315789473684211,0.38512502671511023,0.5083519870417657
phase2b_seed_4_15980109,9,1,8,0,0,0,0,[605],GLY605(pdon)d=3.49a=156.9 | GLY605(ldon)d=3.02a=109.0 | GLY605(ldon)d=3.02a=118.2 | GLY605(ldon)d=3.21a=125.2 | GLY605(ldon)d=2.82a=103.0 | GLY605(ldon)d=3.04a=166.3 | GLY605(ldon)d=3.38a=111.6 | GLY605(ldon)d=2.91a=106.9 | GLY605(ldon)d=3.61a=121.3,True,425.52,1.87,3,9,118.29,7,2.698,easy,False,False,0,True,NCCNC(=O)c1cncc(-c2cnc(Nc3cc(N4CCOCC4)ccn3)s2)c1,True,-8.0,5.596,0.139,2534.82,moderate,0.6578947368421053,0.2769822611669161,0.46743849900451073
phase2b_seed_0_46926973,1,0,1,0,0,0,0,[605],GLY605(ldon)d=3.24a=122.3,True,396.45,3.79,1,6,93.55,5,2.58,easy,False,False,0,True,Cc1cc(-c2ncc(CC(=O)Nc3ccc(-c4cnccn4)cn3)cc2C)ccn1,True,-8.0,4.705,0.349,19744.42,low,0.6578947368421053,0.08655695661466131,0.3722258467283833
phase2b_seed_4_166629432,3,1,2,0,0,0,0,"[603, 605]",GLY605(pdon)d=4.04a=160.3 | GLU603(ldon)d=3.66a=132.3 | GLY605(ldon)d=2.93a=107.5,True,467.6,2.7,3,9,95.82,6,3.291,moderate,False,False,0,True,CSc1cc(N2CCOCC2)ccc1NC(=O)c1cnn2ccc(N[C@@H]3CCCNC3)nc12,True,-8.0,6.713,0.155,193.48,moderate,0.6578947368421053,0.5157084847189571,0.5868016107805312
phase2b_seed_4_58063084,2,0,2,0,0,0,0,[605],GLY605(ldon)d=3.17a=107.4 | GLY605(ldon)d=3.23a=110.2,True,384.85,3.65,2,7,98.2,3,2.615,easy,False,False,0,True,Cc1nc(-c2cccc(Cl)c2)c(NC(=O)c2cnn3ccc(N)nc23)s1,True,-8.0,6.597,0.561,253.2,low,0.6578947368421053,0.490916862577474,0.5744057997097897
phase2b_seed_4_25262616,2,1,1,0,0,0,0,"[603, 605]",GLY605(pdon)d=3.64a=160.6 | GLU603(ldon)d=3.97a=113.1,True,407.48,2.63,2,7,97.2,4,4.077,moderate,False,False,0,True,CCn1ncc2c(N3C[C@H]4CC[C@@H](C3)O4)nc(-c3ccc(NC(=O)NC)cc3)nc21,True,-8.0,5.267,0.125,5408.95,moderate,0.6578947368421053,0.206668091472537,0.43228141415732113
phase2b_seed_2_66555680,1,0,1,0,0,0,0,[605],GLY605(ldon)d=3.22a=129.4,True,356.39,3.35,3,5,105.38,3,2.575,easy,False,False,0,True,Cc1nc2ccc(-n3ncc(C(=O)c4cc5ccccc5[nH]4)c3N)cc2[nH]1,True,-8.0,4.686,0.091,20628.69,high,0.6578947368421053,0.08249625988459076,0.37019549836334803
phase2b_seed_4_51002052,2,1,1,0,0,0,0,"[603, 605]",GLY605(pdon)d=3.32a=151.3 | GLU603(ldon)d=2.82a=116.6,True,415.47,3.66,2,6,84.14,4,2.996,easy,False,False,0,True,N[C@H]1CCCN(c2ccncc2NC(=O)c2csc(-c3c(F)cccc3F)n2)C1,True,-8.0,7.912,0.188,12.25,moderate,0.6578947368421053,0.7719598204744604,0.7149272786582829
phase2b_seed_4_71288719,1,0,1,0,0,0,0,[605],GLY605(ldon)d=3.70a=152.2,True,456.51,1.88,1,8,110.83,7,2.595,easy,False,False,0,True,Cn1ncc(C(=O)N2CCC2)c1C(=O)NCCc1nc(-c2ccccc2)nn1-c1ccccn1,True,-8.0,4.962,0.288,10902.09,low,0.6578947368421053,0.1414832229108784,0.3996889798764919
phase2b_seed_3_25166913,1,1,0,0,0,0,0,[605],GLY605(pdon)d=3.03a=174.9,True,374.45,3.39,3,4,96.84,3,3.079,moderate,False,False,0,True,CN1CC[C@@H](NC(=O)Nc2ccc(C#N)cc2)C[C@@H]1c1nc2ccccc2[nH]1,True,-8.0,5.19,0.179,6456.75,moderate,0.6578947368421053,0.1902115836717249,0.4240531602569151
phase2b_seed_4_25262617,2,1,1,0,0,0,0,[605],GLY605(pdon)d=3.75a=160.0 | GLY605(ldon)d=3.90a=111.4,True,421.51,3.02,2,7,97.2,5,4.057,moderate,False,False,0,True,CCNC(=O)Nc1ccc(-c2nc(N3C[C@H]4CC[C@@H](C3)O4)c3cnn(CC)c3n2)cc1,True,-7.9,5.238,0.212,5781.0,low,0.6842105263157894,0.20047018593716623,0.4423403561264778
phase2b_seed_4_69936421,2,1,1,0,0,0,0,"[603, 605]",GLY605(pdon)d=3.57a=151.1 | GLU603(ldon)d=3.66a=102.9,True,393.38,1.88,2,7,106.21,4,2.708,easy,False,False,0,True,CNC(=O)c1cnn(C)c1C(=O)Nc1ccn2cc(-c3cccc(F)c3)nc2n1,True,-7.9,4.966,0.384,10822.23,low,0.6842105263157894,0.1423381064329986,0.413274316374394
phase2b_seed_4_25262783,2,1,1,0,0,0,0,[605],GLY605(pdon)d=3.72a=162.2 | GLY605(ldon)d=3.43a=125.0,True,470.54,3.92,2,8,110.09,5,4.1,moderate,False,False,0,True,CCn1ncc2c(N3C[C@H]4CC[C@@H](C3)O4)nc(-c3ccc(NC(=O)Nc4cccnc4)cc3)nc21,True,-7.9,5.462,0.247,3449.39,low,0.6842105263157894,0.2483436631758923,0.46627709474584084
phase2b_seed_1_67454400,1,1,0,0,0,0,0,[605],GLY605(pdon)d=2.88a=178.3,True,384.39,2.38,2,6,98.72,6,3.203,moderate,False,False,0,True,NC(=O)c1ccn(-c2cnc(NC[C@]3(c4ncccc4F)C[C@@H](F)C3)nc2)c1,True,-7.9,5.687,0.301,2054.99,low,0.6842105263157894,0.2964308612951487,0.49032069380546905
phase2b_seed_0_68254185,3,1,2,0,0,0,0,[605],GLY605(pdon)d=3.00a=179.6 | GLY605(ldon)d=3.39a=132.2 | GLY605(ldon)d=3.46a=153.0,True,367.41,3.14,2,6,104.16,3,3.383,moderate,False,False,0,True,C[C@@]1(c2cc(NC(=O)c3ccc(C#N)cn3)ccc2F)C=CSC(N)=N1,True,-7.9,5.328,0.192,4695.97,moderate,0.6842105263157894,0.21970506518486868,0.451957795750329
phase2b_seed_4_72194526,6,1,5,0,0,0,0,"[603, 605]",GLY605(pdon)d=4.02a=157.8 | GLU603(ldon)d=3.36a=158.7 | GLU603(ldon)d=3.37a=148.9 | GLU603(ldon)d=3.51a=170.6 | GLY605(ldon)d=3.75a=125.1 | GLY605(ldon)d=3.02a=141.8,True,435.51,3.24,3,8,108.06,6,2.595,easy,False,False,0,True,O=C(Nc1ccc(CN2CCOCC2)cc1)c1[nH]ncc1Nc1ncnc2sccc12,True,-7.9,5.156,0.245,6982.87,low,0.6842105263157894,0.18294507373370378,0.43357780002474655
phase2b_seed_1_54739,1,0,1,0,0,0,0,[605],GLY605(ldon)d=3.75a=104.8,True,311.34,2.22,2,4,91.65,3,3.025,moderate,False,False,0,True,CC(C)[C@]1(C)N=C(c2nc3ccccc3cc2C(=O)O)NC1=O,True,-7.9,5.608,0.236,2468.02,low,0.6842105263157894,0.27954691173327634,0.48187871902453283
phase2b_seed_0_11667893,1,0,1,0,0,0,0,[605],GLY605(ldon)d=3.05a=105.4,True,373.46,4.04,3,5,78.94,5,2.521,easy,False,False,0,True,CC1(C)CNc2cc(NC(=O)c3cccnc3NCc3ccncc3)ccc21,True,-7.9,4.918,0.113,12085.02,moderate,0.6842105263157894,0.13207950416755726,0.40814501524167335
phase2b_seed_4_72195318,2,1,1,0,0,0,0,[605],GLY605(pdon)d=3.96a=149.1 | GLY605(ldon)d=3.17a=137.0,True,448.56,3.16,3,8,102.07,6,2.635,easy,False,False,0,True,CN1CCN(Cc2ccc(NC(=O)c3[nH]ncc3Nc3ncnc4ccsc34)cc2)CC1,True,-7.9,5.241,0.2,5742.4,low,0.6842105263157894,0.20111134857875615,0.44266093744727275
phase2b_seed_0_11493841,2,1,1,0,0,0,0,[605],GLY605(pdon)d=4.09a=149.2 | GLY605(ldon)d=3.45a=135.3,True,340.43,2.31,4,6,118.95,5,3.072,moderate,False,False,0,True,Cc1cccc(Nc2nc(N[C@@H]3CCCC[C@@H]3N)ncc2C(N)=O)c1,True,-7.9,5.087,0.385,8193.82,low,0.6842105263157894,0.16819833297713188,0.42620442964646066
phase2b_seed_2_462952,4,1,3,0,0,0,0,[605],GLY605(pdon)d=3.85a=156.3 | GLY605(ldon)d=3.81a=102.5 | GLY605(ldon)d=3.59a=114.8 | GLY605(ldon)d=2.90a=103.0,True,391.52,4.12,2,4,64.26,5,2.523,easy,False,False,0,True,CC(C)Nc1cccnc1N(C)C1CCN(C(=O)c2cc3ccccc3[nH]2)CC1,True,-7.8,4.625,0.254,23737.66,low,0.7105263157894738,0.06945928617225908,0.3899928009808664
phase2b_seed_2_462972,1,0,1,0,0,0,0,[605],GLY605(ldon)d=3.65a=132.2,True,498.65,3.89,3,6,110.43,8,2.912,easy,False,False,0,True,CCNc1cccnc1N(C(C)C)C1CCN(C(=O)c2cc3cc(NS(C)(=O)=O)ccc3[nH]2)CC1,True,-7.8,4.352,0.084,44420.22,high,0.7105263157894738,0.011113485787561552,0.36081990078851767
phase2b_seed_0_118873253,1,0,1,0,0,0,0,[605],GLY605(ldon)d=3.68a=126.8,True,472.48,3.1,3,8,135.94,4,3.032,moderate,False,False,0,True,CC1(N)CCN(c2cccnc2NC(=O)c2nc(-c3ncccc3C(F)(F)F)cnc2N)CC1,True,-7.8,4.783,0.173,16474.69,moderate,0.7105263157894738,0.10322718529600355,0.40687675054273864
phase2b_seed_0_11689883,1,0,1,0,0,0,0,[605],GLY605(ldon)d=3.15a=165.4,True,401.44,3.06,2,5,86.8,4,2.269,easy,False,False,0,True,COC(=O)N1CCN(Cc2cccc(NC(=O)Nc3ccc(C)nc3)c2F)CC1,True,-7.8,5.157,0.372,6965.62,low,0.7105263157894738,0.18315879461423387,0.44684255520185384
phase2b_seed_1_135566764,3,1,2,0,0,0,0,"[603, 605]",GLY605(pdon)d=2.97a=173.3 | GLU603(ldon)d=3.89a=113.3 | GLU603(ldon)d=3.53a=152.3,True,321.38,2.73,2,3,74.85,5,2.422,easy,False,False,0,True,C[C@H](NC(=O)CCc1nc2ccccc2c(=O)[nH]1)c1ccccc1,True,-7.8,5.371,0.244,4256.26,low,0.7105263157894738,0.2288950630476599,0.46971068941856686
phase2b_seed_2_454726,3,1,2,0,0,0,0,[605],GLY605(pdon)d=2.92a=171.6 | GLY605(ldon)d=3.42a=126.5 | GLY605(ldon)d=3.47a=126.5,True,388.48,3.22,2,5,88.05,4,2.495,easy,False,False,0,True,CC(C)Nc1cccnc1N1CCN(C(=O)c2cc3ccc(C#N)cc3[nH]2)CC1,True,-7.8,4.735,0.183,18420.76,moderate,0.7105263157894738,0.0929685830305622,0.401747449410018
phase2b_seed_4_135908617,2,1,1,0,0,0,0,"[603, 605]",GLY605(pdon)d=2.93a=170.6 | GLU603(ldon)d=3.54a=112.3,True,311.34,1.46,1,6,85.69,3,2.73,easy,False,False,0,True,O=c1[nH]c(Cc2ccccn2)nc2c1cnn2C1CCOCC1,True,-7.8,5.556,0.342,2779.26,low,0.7105263157894738,0.26843342594571495,0.48947987086759437
phase2b_seed_4_72194525,4,1,3,0,0,0,0,"[603, 605]",GLY605(pdon)d=3.87a=160.1 | GLU603(ldon)d=3.34a=139.6 | GLY605(ldon)d=3.80a=156.8 | GLY605(ldon)d=3.90a=132.5,True,448.56,3.16,3,8,102.07,6,2.603,easy,False,False,0,True,CN1CCN(Cc2ccc(NC(=O)c3[nH]ncc3Nc3ncnc4sccc34)cc2)CC1,True,-7.8,5.396,0.168,4015.92,moderate,0.7105263157894738,0.2342380850609105,0.47238220042519213
phase2b_seed_1_155586901,2,1,1,0,0,0,0,[605],GLY605(pdon)d=2.97a=160.4 | GLY605(ldon)d=2.89a=156.2,True,406.49,1.56,2,6,94.22,5,2.549,easy,False,False,0,True,CCc1cc2ncc(CN3CCN(c4ccc(C(=O)NC)nc4)CC3)cc2[nH]c1=O,True,-7.8,5.087,0.16,8188.86,moderate,0.7105263157894738,0.16819833297713188,0.4393623243833028
phase2b_seed_4_54582836,1,0,1,0,0,0,0,[603],GLU603(ldon)d=3.94a=102.5,True,496.59,1.63,4,9,132.61,8,4.343,moderate,False,False,0,True,CNc1nc([C@H]2C[C@H]3C[C@H]3N2C(=O)[C@H](O)[C@@H](O)C(=O)N[C@H](C)c2ccc(-n3cccn3)cc2)cs1,True,-7.7,5.156,0.257,6977.09,low,0.7368421052631579,0.18294507373370378,0.45989358949843084
phase2b_seed_0_5625,2,1,1,0,0,0,0,[605],GLY605(pdon)d=2.98a=155.0 | GLY605(ldon)d=3.74a=114.0,True,456.57,2.72,3,6,110.43,6,2.528,easy,False,False,0,True,CC(C)Nc1cccnc1N1CCN(C(=O)c2cc3cc(NS(C)(=O)=O)ccc3[nH]2)CC1,True,-7.7,4.573,0.136,26730.99,moderate,0.7368421052631579,0.058345800384697714,0.3975939528239278
phase2b_seed_4_71288717,1,0,1,0,0,0,0,[605],GLY605(ldon)d=3.34a=135.8,True,419.49,1.83,1,7,97.94,7,2.613,easy,False,False,0,True,Cn1ncc(C(=O)N2CCC2)c1C(=O)NCCc1nc(-c2ccccc2)nn1C1CC1,True,-7.7,5.18,0.318,6610.99,low,0.7368421052631579,0.18807437486642445,0.46245824006479114
phase2b_seed_4_135567108,2,1,1,0,0,0,0,"[603, 605]",GLY605(pdon)d=2.95a=162.3 | GLU603(ldon)d=3.53a=146.1,True,378.41,2.32,1,6,79.7,6,2.708,easy,False,False,0,True,CN(CCc1cnn(-c2nccc3c(=O)[nH]cnc23)c1)Cc1ccc(F)cc1,True,-7.7,5.877,0.551,1327.34,low,0.7368421052631579,0.33703782859585385,0.5369399669295059
phase2b_seed_0_3185,3,1,2,0,0,0,0,[605],GLY605(pdon)d=3.47a=162.3 | GLY605(ldon)d=3.59a=154.8 | GLY605(ldon)d=3.53a=126.4,True,401.53,2.9,1,5,79.37,7,2.206,easy,False,False,0,True,Cc1cccc(CCN2CCC(C(=O)c3ccc(NS(C)(=O)=O)cc3)CC2)n1,True,-7.7,4.838,0.368,14508.14,low,0.7368421052631579,0.11498183372515501,0.42591196949415644
phase2b_seed_0_3478,2,0,2,0,0,0,0,[605],GLY605(ldon)d=3.37a=135.7 | GLY605(ldon)d=3.45a=115.4,True,445.55,2.08,3,6,130.15,7,2.344,easy,False,False,0,True,Cc1cnc(C(=O)NCCc2ccc(S(=O)(=O)NC(=O)NC3CCCCC3)cc2)cn1,True,-7.7,4.675,0.279,21138.71,low,0.7368421052631579,0.08014533019876043,0.40849371773095916
phase2b_seed_4_118435363,1,0,1,0,0,0,0,[605],GLY605(ldon)d=3.18a=110.5,True,428.49,2.67,2,9,107.42,4,4.546,moderate,False,False,0,True,C[C@H]1C[C@H]2CSC(N)=N[C@@]2(c2nc(NC(=O)c3ccn(C(F)F)n3)cs2)CO1,True,-7.7,6.018,0.419,960.48,low,0.7368421052631579,0.3671724727505878,0.5520072890068728
phase2b_seed_4_57964129,1,0,1,0,0,0,0,[603],GLU603(ldon)d=3.42a=105.4,True,478.57,3.56,1,8,103.18,7,3.533,moderate,False,False,0,True,O=C(Nc1ncc(F)s1)[C@H](CC1CCOCC1)n1ncc2c(S(=O)(=O)C3CC3)cccc21,True,-7.6,4.756,0.101,17525.38,moderate,0.7631578947368423,0.09745672152169277,0.43030730812926754
phase2b_seed_4_45488066,1,0,1,0,0,0,0,[605],GLY605(ldon)d=3.63a=108.4,True,499.58,3.96,3,9,122.12,6,4.221,moderate,False,False,0,True,CCn1ncc2c(N3C[C@H]4CC[C@@H](C3)O4)nc(-c3ccc(NC(=O)Nc4ccc(NC)nc4)cc3)nc21,True,-7.6,5.547,0.185,2840.02,moderate,0.7631578947368423,0.26650993802094464,0.5148339163788934
phase2b_seed_4_71262654,2,1,1,0,0,0,0,"[603, 605]",GLY605(pdon)d=3.28a=151.3 | GLU603(ldon)d=3.50a=111.1,True,402.43,3.48,2,6,76.14,5,3.09,moderate,False,False,0,True,O=C(Nc1cnccc1O[C@H]1CCNC1)c1csc(-c2c(F)cccc2F)n1,True,-7.6,7.636,0.096,23.1,high,0.7631578947368423,0.7129728574481728,0.7380653760925076
phase2b_seed_1_9839190,1,1,0,0,0,0,0,[605],GLY605(pdon)d=4.10a=158.0,True,297.36,2.51,3,3,73.99,4,2.3,easy,False,False,0,True,CNCc1ccc(NC(=O)c2c[nH]c3c2C(=O)CCC3)cc1,True,-7.6,5.6,0.453,2509.76,low,0.7631578947368423,0.27783714468903614,0.5204975197129392
phase2b_seed_2_462973,1,0,1,0,0,0,0,[605],GLY605(ldon)d=3.88a=176.6,True,498.65,3.89,3,6,110.43,9,2.772,easy,False,False,0,True,CCCNc1cccnc1N(CC)C1CCN(C(=O)c2cc3cc(NS(C)(=O)=O)ccc3[nH]2)CC1,True,-7.6,4.598,0.095,25221.67,high,0.7631578947368423,0.06368882239794829,0.41342335856739526
phase2b_seed_0_3510,1,0,1,0,0,0,0,[605],GLY605(ldon)d=3.17a=111.0,True,312.42,2.32,1,4,50.16,2,3.898,moderate,False,False,0,True,CN1[C@@H]2CCC[C@H]1C[C@H](NC(=O)c1nn(C)c3ccccc13)C2,True,-7.6,5.025,0.227,9445.94,low,0.7631578947368423,0.15494763838427028,0.45905276656055627
phase2b_seed_4_24741312,2,1,1,0,0,0,0,[605],GLY605(pdon)d=2.80a=171.8 | GLY605(ldon)d=2.91a=101.3,True,358.38,2.3,3,7,117.34,6,2.622,easy,False,False,0,True,O=C(CCc1cnc(-n2cc(O)cn2)s1)Nc1ccccc1C(=O)O,True,-7.6,5.377,0.071,4196.27,high,0.7631578947368423,0.23017738833083995,0.49666764153384113
phase2b_seed_4_10361685,3,1,2,0,0,0,0,[605],GLY605(pdon)d=3.87a=161.3 | GLY605(ldon)d=3.35a=102.8 | GLY605(ldon)d=3.14a=100.2,True,368.47,3.33,3,7,91.83,6,2.438,easy,False,False,0,True,CNc1nc(C)c(-c2ccnc(Nc3cccc(CNC(C)=O)c3)n2)s1,True,-7.6,4.856,0.121,13942.74,moderate,0.7631578947368423,0.11882880957469548,0.44099335215576885
phase2b_seed_0_2099,1,1,0,0,0,0,0,[605],GLY605(pdon)d=4.08a=143.2,True,294.36,2.41,1,3,53.92,2,2.622,easy,False,False,0,True,Cc1[nH]cnc1CN1CCc2c(c3ccccc3n2C)C1=O,True,-7.5,4.501,0.135,31531.45,moderate,0.7894736842105263,0.0429578969865357,0.41621579059853103
phase2b_seed_4_6416725,2,0,2,0,0,0,0,[605],GLY605(ldon)d=3.16a=104.0 | GLY605(ldon)d=3.52a=116.3,True,420.54,3.98,1,6,77.0,7,2.969,easy,False,False,0,True,C[C@H](Sc1nnc(-c2ccccc2)c(-c2ccccc2)n1)C(=O)NC[C@H]1CCCO1,True,-7.5,5.285,0.264,5187.84,low,0.7894736842105263,0.21051506732207748,0.4999943757663019
phase2b_seed_0_4487,1,0,1,0,0,0,0,[603],GLU603(ldon)d=3.46a=133.0,True,308.34,2.13,1,5,68.92,3,2.016,easy,False,False,0,True,Cc1c(NC(=O)c2cccnc2)c(=O)n(-c2ccccc2)n1C,True,-7.5,4.756,0.139,17535.92,moderate,0.7894736842105263,0.09745672152169277,0.4434652028661096
phase2b_seed_1_4030,3,1,2,0,0,0,0,[605],GLY605(pdon)d=3.94a=155.5 | GLY605(ldon)d=3.04a=120.6 | GLY605(ldon)d=3.21a=121.1,True,295.3,2.97,2,4,84.08,3,2.033,easy,False,False,0,True,COC(=O)Nc1nc2ccc(C(=O)c3ccccc3)cc2[nH]1,True,-7.4,5.11,0.367,7766.18,low,0.8157894736842105,0.17311391322932262,0.49445169345676654
phase2b_seed_1_108000,1,0,1,0,0,0,0,[605],GLY605(ldon)d=2.88a=108.4,True,279.34,2.89,1,3,50.68,2,3.073,moderate,False,False,0,True,Cn1cc(C(=O)[C@@H]2CCc3nc[nH]c3C2)c2ccccc21,True,-7.4,4.722,0.226,18974.66,low,0.8157894736842105,0.09019021158367187,0.4529898426339412
phase2b_seed_2_11675054,4,1,3,0,0,0,0,[605],GLY605(pdon)d=3.06a=163.3 | GLY605(ldon)d=3.14a=168.4 | GLY605(ldon)d=2.97a=105.1 | GLY605(ldon)d=3.09a=125.4,True,368.42,3.47,2,6,84.73,5,2.56,easy,False,False,0,True,CNC(=O)c1ccc(Nc2nccc(-c3cnc(C)n3C(C)C)n2)cc1F,True,-7.4,4.839,0.334,14498.06,low,0.8157894736842105,0.11519555460568512,0.4654925141449478
phase2b_seed_2_16071896,1,1,0,0,0,0,0,[605],GLY605(pdon)d=3.23a=160.2,True,335.34,3.09,1,5,80.66,4,2.482,easy,False,False,0,True,O=C(Nc1cnc(-c2ccncc2F)c(-c2cccnc2)n1)C1CC1,True,-7.3,5.284,0.259,5200.0,low,0.8421052631578948,0.21030134644154735,0.5262033047997211
phase2b_seed_2_71666749,3,0,3,0,0,0,0,[605],GLY605(ldon)d=3.17a=111.2 | GLY605(ldon)d=3.80a=112.2 | GLY605(ldon)d=4.04a=123.3,True,274.37,1.98,3,3,97.79,3,3.324,moderate,False,False,0,True,C[C@@H](C(N)=O)[C@H](N)c1nc2ccc(C(C)(C)C)cc2[nH]1,True,-7.3,5.877,0.386,1328.25,low,0.8421052631578948,0.33703782859585385,0.5895715458768743
phase2b_seed_1_44519124,4,1,3,0,0,0,0,"[603, 605]",GLY605(pdon)d=4.03a=146.2 | GLU603(ldon)d=3.68a=103.3 | GLU603(ldon)d=3.62a=112.7 | GLY605(ldon)d=3.12a=136.1,True,336.44,4.2,1,4,51.1,6,2.221,easy,False,False,0,True,CC(=O)c1ccc2c(c1)c1cc(C(C)=O)ccc1n2CCNC(C)C,True,-7.3,4.917,0.24,12114.93,low,0.8421052631578948,0.13186578328702717,0.48698552322246097
phase2b_seed_2_454735,1,1,0,0,0,0,0,[605],GLY605(pdon)d=4.09a=145.9,True,470.6,2.74,2,6,101.64,6,2.649,easy,False,False,0,True,CC(C)Nc1cccnc1N1CCN(C(=O)c2cc3cc(N(C)S(C)(=O)=O)ccc3[nH]2)CC1,True,-7.3,4.513,0.148,30697.21,moderate,0.8421052631578948,0.04552254755289594,0.4438139053553954
phase2b_seed_0_50922681,3,1,2,0,0,0,0,[605],GLY605(pdon)d=3.97a=141.2 | GLY605(ldon)d=3.24a=108.0 | GLY605(ldon)d=3.23a=137.3,True,366.51,3.5,1,4,48.47,7,2.013,easy,False,False,0,True,CC(C)CCNc1ncccc1C(=O)N1CCN(Cc2ccccc2)CC1,True,-7.2,5.725,0.312,1885.21,low,0.868421052631579,0.3045522547552896,0.5864866536934343
phase2b_seed_3_168182,2,1,1,0,0,0,0,"[603, 605]",GLY605(pdon)d=3.70a=159.9 | GLU603(ldon)d=3.18a=129.9,True,303.36,1.26,4,3,108.21,6,2.736,easy,False,False,0,True,CC(C)[C@H](N)C(=O)N[C@@H](Cc1c[nH]c2ccccc12)C(=O)O,True,-7.2,5.504,0.247,3135.89,low,0.868421052631579,0.2573199401581534,0.5628704963948662
phase2b_seed_4_57378176,1,1,0,0,0,0,0,[605],GLY605(pdon)d=3.47a=154.4,True,466.42,1.19,1,9,109.89,5,3.056,moderate,False,False,0,True,CN(CC(F)(F)F)C(=O)c1cnn(C)c1C(=O)Nc1ccn2nc(N3CCOCC3)nc2c1,True,-7.2,4.694,0.133,20214.86,moderate,0.868421052631579,0.08420602692883099,0.47631353978020496
phase2b_seed_4_58464924,1,0,1,0,0,0,0,[605],GLY605(ldon)d=3.68a=127.4,True,335.34,2.66,2,6,85.83,3,2.56,easy,False,False,0,True,Cn1cc(NC(=O)c2nc(-c3c(F)cccc3F)sc2N)cn1,True,-7.2,7.686,0.221,20.59,low,0.868421052631579,0.7236589014746742,0.7960399770531266
phase2b_seed_2_11357740,5,1,4,0,0,0,0,[605],GLY605(pdon)d=3.18a=162.7 | GLY605(ldon)d=3.28a=100.4 | GLY605(ldon)d=2.96a=110.0 | GLY605(ldon)d=3.40a=102.6 | GLY605(ldon)d=3.02a=134.2,True,271.32,1.54,3,4,96.69,2,3.581,moderate,False,False,0,True,CC(C)[C@H]1CNC(=O)c2cc(-c3ccnc(N)n3)[nH]c21,True,-7.2,7.061,0.429,86.89,low,0.868421052631579,0.5900833511434068,0.729252201887493
phase2b_seed_0_155907792,1,0,1,0,0,0,0,[605],GLY605(ldon)d=3.17a=133.6,True,330.43,2.47,2,4,90.01,6,2.763,easy,False,False,0,True,CCCCn1nc(C(=O)N[C@H](C(N)=O)C(C)(C)C)c2ccccc21,True,-7.0,5.802,0.33,1579.05,low,0.9210526315789475,0.3210087625561017,0.6210306970675246
phase2b_seed_4_71538688,1,0,1,0,0,0,0,[603],GLU603(ldon)d=3.94a=122.4,True,426.48,1.03,1,9,109.89,6,2.905,easy,False,False,0,True,CCN(CC)c1nc2ccc(NC(=O)c3c(C(=O)N4CCOCC4)cnn3C)cn2n1,True,-7.0,4.952,0.3,11167.81,low,0.9210526315789475,0.13934601410557818,0.5301993228422628
phase2b_seed_1_128784,2,1,1,0,0,0,0,[605],GLY605(pdon)d=3.81a=156.5 | GLY605(ldon)d=2.89a=112.9,True,312.37,2.37,1,5,72.68,5,2.238,easy,False,False,0,True,CCCn1c(=O)c2[nH]c(-c3ccccc3)nc2n(CCC)c1=O,True,-7.0,5.193,0.296,6410.56,low,0.9210526315789475,0.19085274631331478,0.5559526889461311
phase2b_seed_1_9925908,3,1,2,0,0,0,0,[605],GLY605(pdon)d=3.87a=142.3 | GLY605(ldon)d=3.82a=103.9 | GLY605(ldon)d=3.33a=139.9,True,286.38,2.25,2,3,75.01,4,2.261,easy,False,False,0,True,CCCN1CCC(c2nc3c(C(N)=O)cccc3[nH]2)CC1,True,-7.0,5.405,0.301,3932.86,low,0.9210526315789475,0.23616157298568083,0.5786071022823142
phase2b_seed_4_165414970,1,0,1,0,0,0,0,[605],GLY605(ldon)d=3.62a=122.5,True,434.46,1.5,1,9,119.54,7,2.752,easy,False,False,0,True,COCCN(C)C(=O)c1cnn(C)c1C(=O)Nc1cc2nc(-c3ccccc3)nn2cn1,True,-6.8,4.556,0.106,27818.31,moderate,0.9736842105263159,0.05471254541568717,0.5141983779710015
phase2b_seed_3_23897,1,0,1,0,0,0,0,[605],GLY605(ldon)d=3.07a=115.1,True,276.38,1.96,1,3,45.33,3,3.168,moderate,False,False,0,True,CCc1c(C)[nH]c2c1C(=O)[C@@H](CN1CCOCC1)CC2,True,-6.8,5.601,0.271,2507.41,low,0.9736842105263159,0.2780508655695662,0.625867538047941
phase2b_seed_1_71234,2,1,1,0,0,0,0,[605],GLY605(pdon)d=3.28a=160.2 | GLY605(ldon)d=3.49a=100.9,True,284.32,1.02,2,4,83.98,5,2.421,easy,False,False,0,True,C[C@H](CNC(=O)c1cccnc1)NC(=O)c1cccnc1,True,-6.7,4.761,0.366,17320.69,low,1.0,0.09852532592434289,0.5492626629621714
phase2b_seed_4_46209426,1,0,1,0,0,0,0,[605],GLY605(ldon)d=2.92a=128.9,True,311.37,2.61,2,6,79.8,5,2.122,easy,False,False,0,True,O=C(NCc1ccccc1)c1csc(Nc2ccncn2)n1,True,-6.7,4.626,0.216,23649.56,low,1.0,0.06967300705278917,0.5348365035263946
phase2b_seed_4_25260758,3,1,2,0,0,0,0,"[603, 605]",GLY605(pdon)d=3.13a=169.7 | GLU603(ldon)d=3.53a=104.3 | GLU603(ldon)d=3.19a=102.8,True,475.55,3.3,2,8,114.27,4,4.358,moderate,False,False,0,True,CNC(=O)Nc1ccc(-c2nc(N3C[C@H]4CC[C@@H](C3)O4)c3cnn(C4CCC(=O)CC4)c3n2)cc1,True,-9.0,5.243,0.127,5715.0,moderate,0.39473684210526316,0.20153879033981634,0.29813781622253976
phase2b_seed_1_25262792,2,1,1,0,0,0,0,[605],GLY605(pdon)d=3.04a=157.3 | GLY605(ldon)d=3.09a=157.4,True,462.55,2.5,1,8,92.71,4,3.527,moderate,False,False,0,True,CNC(=O)c1cccc(-c2ccc3c(N4CCOC[C@@H]4C)nc(N4CCOC[C@@H]4C)nc3n2)c1,True,-9.2,4.487,0.162,32560.1,moderate,0.3421052631578949,0.03996580465911526,0.19103553390850508
phase2b_seed_1_163557606,3,1,2,0,0,0,0,[605],GLY605(pdon)d=3.21a=159.2 | GLY605(ldon)d=3.86a=137.6 | GLY605(ldon)d=3.42a=106.8,True,472.6,3.8,1,8,106.06,5,4.31,moderate,False,False,0,True,CC[C@@H](N)c1nc(N2CCC[C@H]2C)cc2c1CN(c1cccc(-c3nnc4n3[C@@H](C)CC4)n1)C2=O,True,-9.3,7.087,0.544,81.91,low,0.31578947368421034,0.5956400940371875,0.45571478386069897
phase2b_seed_1_71245288,1,0,1,0,0,0,0,[605],GLY605(ldon)d=3.24a=113.1,True,445.5,4.68,1,7,90.52,6,3.026,moderate,False,False,0,True,Cc1cc(F)c(C(=O)Nc2cccc(-c3nncn3C(C)C)n2)cc1-n1cnc(C2CC2)c1,True,-8.9,5.53,0.382,2953.8,low,0.4210526315789473,0.2628766830519343,0.3419646573154408
phase2b_seed_2_11676119,3,1,2,0,0,0,0,"[603, 605]",GLY605(pdon)d=3.04a=162.5 | GLU603(ldon)d=3.53a=111.6 | GLY605(ldon)d=2.80a=120.6,True,420.48,4.08,2,5,110.44,5,2.577,easy,False,False,0,True,Cc1cccc(-c2[nH]c(Cc3cccc(C(N)=O)c3)nc2-c2ccc3nccnc3c2)n1,True,-9.0,4.946,0.181,11314.53,moderate,0.39473684210526316,0.13806368882239795,0.26640026546383055
phase2b_seed_4_129136448,4,1,3,0,0,0,0,[605],GLY605(pdon)d=3.49a=157.9 | GLY605(ldon)d=3.33a=124.2 | GLY605(ldon)d=3.33a=121.9 | GLY605(ldon)d=2.94a=100.2,True,464.48,3.45,1,8,93.76,5,3.641,moderate,False,False,0,True,Cc1cnc(Nc2ccnn2C)nc1-c1cn2c(n1)C(=O)N(Cc1ccc(F)c(F)c1)[C@@H](C)C2,True,-8.9,4.647,0.247,22533.75,low,0.4210526315789473,0.07416114554391974,0.2476068885614335
phase2b_seed_3_49806720,2,1,1,0,0,0,0,[605],GLY605(pdon)d=2.94a=170.5 | GLY605(ldon)d=2.96a=120.7,True,482.63,4.77,1,5,72.36,3,3.005,moderate,False,False,0,True,CCc1cc2c(cc1N1CCC(N3CCOCC3)CC1)C(C)(C)c1[nH]c3cc(C#N)ccc3c1C2=O,True,-9.1,4.53,0.075,29494.76,high,0.36842105263157904,0.04915580252190649,0.20878842757674276
phase2b_seed_3_11950726,3,1,2,0,0,0,0,[605],GLY605(pdon)d=3.17a=165.8 | GLY605(ldon)d=3.75a=127.6 | GLY605(ldon)d=3.98a=114.4,True,479.6,4.13,2,4,90.98,3,4.544,moderate,False,False,0,True,CN1C(=O)C(F)=C[C@]2(C)[C@H]3CC[C@]4(C)[C@@H](C(=O)NCc5nc6ncccc6[nH]5)CC[C@H]4[C@@H]3CC[C@@H]12,True,-10.5,6.086,0.509,819.69,low,-0.0,0.3817054926266298,0.1908527463133149
phase2b_seed_1_11618268,2,0,2,0,0,0,0,[605],GLY605(ldon)d=3.38a=119.4 | GLY605(ldon)d=3.43a=120.2,True,401.41,3.36,2,7,101.38,4,2.965,easy,False,False,0,True,C[C@H](Nc1ncnc2nc[nH]c12)c1nc2ccc(F)cc2c(=O)n1-c1ccccc1,True,-8.8,4.945,0.319,11346.74,low,0.4473684210526314,0.13784996794186805,0.29260919449724976
phase2b_seed_1_11338127,2,0,2,0,0,0,0,"[603, 605]",GLU603(ldon)d=4.06a=100.1 | GLY605(ldon)d=3.13a=135.4,True,385.43,2.76,2,6,113.8,5,2.379,easy,False,False,0,True,Cc1ccc(C(=O)NC2CC2)cc1-n1ncc(C(=O)c2cccc(C#N)c2)c1N,True,-9.0,4.94,0.381,11494.15,low,0.39473684210526316,0.1367813635392179,0.2657591028222405
phase2b_seed_2_135398510,1,1,0,0,0,0,0,[605],GLY605(pdon)d=3.67a=154.8,True,392.44,2.54,3,5,94.04,2,2.638,easy,False,False,0,True,CN1CCN(c2ccc3nc(-c4c(N)c5c(F)cccc5[nH]c4=O)[nH]c3c2)CC1,True,-9.0,4.9,0.104,12603.18,moderate,0.39473684210526316,0.1282325283180168,0.26148468521164
phase2b_seed_1_11373432,2,0,2,0,0,0,0,[605],GLY605(ldon)d=2.97a=147.1 | GLY605(ldon)d=3.98a=108.5,True,417.51,2.34,1,6,70.47,4,2.347,easy,False,False,0,True,Cc1ccc(C(=O)NC2CC2)cc1-n1cnc2ccc(N3CCN(C)CC3)cc2c1=O,True,-9.3,4.807,0.263,15584.29,low,0.31578947368421034,0.10835648642872422,0.2120729800564673
phase2b_seed_1_67223373,2,1,1,0,0,0,0,[605],GLY605(pdon)d=2.89a=172.5 | GLY605(ldon)d=3.91a=122.5,True,342.4,3.38,1,3,72.78,1,3.254,moderate,False,False,0,True,N#Cc1ccc2c(c1)[C@H]1CCCN(C(=O)c3ccc4nc[nH]c4c3)[C@H]1C2,True,-9.1,5.309,0.448,4910.55,low,0.36842105263157904,0.21564436845479815,0.2920327105431886
phase2b_seed_4_66555847,2,1,1,0,0,0,0,[605],GLY605(pdon)d=3.40a=157.1 | GLY605(ldon)d=4.00a=122.3,True,474.53,3.94,4,7,121.36,4,4.093,moderate,False,False,0,True,C[C@H]1C[C@@H](c2ccncc2NC(=O)c2nc(-c3c(F)cccc3F)sc2N)C[C@@H](O)[C@]1(C)O,True,-8.9,8.756,0.142,1.76,moderate,0.4210526315789473,0.952340243641804,0.6866964376103757
phase2b_seed_1_56646218,4,1,3,0,0,0,0,[605],GLY605(pdon)d=3.12a=161.6 | GLY605(ldon)d=3.25a=123.2 | GLY605(ldon)d=3.08a=127.8 | GLY605(ldon)d=2.90a=104.8,True,396.45,3.85,2,6,93.94,4,2.543,easy,False,False,0,True,N#Cc1cc(-c2ccnc(Nc3ccc4c(c3)CC(=O)N4)n2)ccc1N1CCCC1,True,-9.1,4.941,0.255,11447.84,low,0.36842105263157904,0.13699508441974784,0.2527080685256634
phase2b_seed_2_10089772,3,1,2,0,0,0,0,"[603, 605]",GLY605(pdon)d=3.69a=149.9 | GLU603(ldon)d=3.62a=114.0 | GLY605(ldon)d=3.10a=124.6,True,358.4,2.85,2,4,79.78,2,3.209,moderate,False,False,0,True,C[C@@H]1NC(=O)[C@@H](Cc2c[nH]c3ccccc23)n2c1nc1ccccc1c2=O,True,-9.3,5.726,0.308,1880.2,low,0.31578947368421034,0.3047659756358197,0.310277724660015
phase2b_seed_2_25061501,4,1,3,0,0,0,0,"[603, 605]",GLY605(pdon)d=3.47a=150.4 | GLU603(ldon)d=3.84a=158.5 | GLU603(ldon)d=3.69a=133.4 | GLY605(ldon)d=3.57a=131.9,True,400.43,2.14,3,5,99.93,5,3.316,moderate,False,False,0,True,CCc1c[nH]c2ncnc(N3CC[C@](N)(CNC(=O)c4ccc(F)cc4F)C3)c12,True,-8.9,5.311,0.089,4883.74,high,0.4210526315789473,0.21607181021585814,0.3185622208974027
phase2b_seed_2_447682,3,1,2,0,0,0,0,[605],GLY605(pdon)d=2.89a=156.7 | GLY605(ldon)d=3.88a=125.1 | GLY605(ldon)d=2.98a=147.6,True,292.29,2.56,2,3,74.57,2,2.354,easy,False,False,0,True,O=C(O)Cc1c2ccccc2n2c1[nH]c(=O)c1ccccc12,True,-9.0,5.378,0.108,4192.36,moderate,0.39473684210526316,0.23039110921137004,0.3125639756583166
phase2b_seed_2_135564899,1,0,1,0,0,0,0,[605],GLY605(ldon)d=3.92a=113.0,True,429.53,3.41,1,7,92.59,4,3.637,moderate,False,False,0,True,C[C@@H]1CN(Cc2ccc3nccnc3c2)C[C@H]1c1nc2c(cnn2C2CCCC2)c(=O)[nH]1,True,-8.8,6.286,0.825,517.9,low,0.4473684210526314,0.4244496687326352,0.43590904489263327
phase2b_seed_0_5291,3,1,2,0,0,0,0,[605],GLY605(pdon)d=3.12a=163.7 | GLY605(ldon)d=3.02a=147.1 | GLY605(ldon)d=3.36a=122.0,True,493.62,4.59,2,7,86.28,7,2.332,easy,False,False,0,True,Cc1ccc(NC(=O)c2ccc(CN3CCN(C)CC3)cc2)cc1Nc1nccc(-c2cccnc2)n1,True,-9.0,4.871,0.088,13466.5,high,0.39473684210526316,0.12203462278264601,0.2583857324439546
phase2b_seed_3_70817911,2,1,1,0,0,0,0,[605],GLY605(pdon)d=2.81a=170.5 | GLY605(ldon)d=3.41a=110.1,True,383.46,3.5,2,5,99.3,4,2.517,easy,False,False,0,True,NC(=O)c1ccc2nc(-c3ccc(C4(N)CCC4)cc3)c(-c3ccccc3)n2n1,True,-8.9,6.062,0.863,866.07,low,0.4210526315789473,0.3765761914939091,0.39881441153642816
phase2b_seed_4_121333495,2,1,1,0,0,0,0,"[603, 605]",GLY605(pdon)d=3.47a=157.3 | GLU603(ldon)d=3.83a=119.5,True,428.44,2.95,2,6,86.0,3,3.52,moderate,False,False,0,True,O=C(Nc1cnn2ccc(N3CCC[C@H]3c3cc(F)ccc3F)nc12)N1CC[C@@H](O)C1,True,-8.8,5.332,0.299,4654.7,low,0.4473684210526314,0.2205599487069887,0.33396418487981006
phase2b_seed_2_25145656,2,1,1,0,0,0,0,"[603, 605]",GLY605(pdon)d=3.77a=159.5 | GLU603(ldon)d=4.06a=134.2,True,412.43,3.43,1,6,85.07,4,2.666,easy,False,False,0,True,CNC(=O)c1ccc(-c2cnc3ncc(Cc4ccc5ncccc5c4)n3n2)cc1F,True,-9.2,4.583,0.189,26131.78,moderate,0.3421052631578949,0.060483009189997945,0.20129413617394643
phase2b_seed_1_3501,1,1,0,0,0,0,0,[605],GLY605(pdon)d=3.10a=159.7,True,378.44,4.6,1,4,62.75,2,2.81,easy,False,False,0,True,Cn1c2ccccc2c2c3c(c4c5ccccc5n(CCC#N)c4c21)CNC3=O,True,-9.2,6.02,0.166,955.68,moderate,0.3421052631578949,0.3675999145116478,0.35485258883477133
phase2b_seed_1_135565545,6,1,5,0,0,0,0,"[603, 605]",GLY605(pdon)d=3.15a=160.3 | GLU603(ldon)d=3.95a=114.1 | GLU603(ldon)d=3.96a=121.6 | GLU603(ldon)d=3.79a=110.9 | GLY605(ldon)d=3.97a=123.2 | GLY605(ldon)d=3.99a=123.2,True,419.49,2.49,4,6,130.19,4,3.784,moderate,False,False,0,True,Cn1cc(-c2[nH]c3cc(NC(=O)[C@H](N)C4CCCCC4)cc4c3c2C=NNC4=O)cn1,True,-9.5,6.479,0.413,331.89,low,0.2631578947368421,0.46569779867493066,0.36442784670588635
phase2b_seed_3_86269224,1,1,0,0,0,0,0,[605],GLY605(pdon)d=3.40a=160.0,True,474.61,3.5,2,8,91.21,4,3.573,moderate,False,False,0,True,CC(C)N1CCN(c2ccc(Nc3ncc4cc5n(c4n3)C3(CCCCC3)CNC5=O)nc2)CC1,True,-9.1,5.177,0.377,6645.32,low,0.36842105263157904,0.18743321222483433,0.27792713242820666
phase2b_seed_0_68029831,2,1,1,0,0,0,0,[605],GLY605(pdon)d=3.38a=158.5 | GLY605(ldon)d=2.82a=122.0,True,446.56,2.72,2,8,91.21,3,3.526,moderate,False,False,0,True,CN1CCN(c2ccc(Nc3ncc4cc5n(c4n3)C3(CCCCC3)CNC5=O)nc2)CC1,True,-9.3,5.162,0.289,6884.53,low,0.31578947368421034,0.184227399016884,0.25000843635054715
